0,1,2,3,4,5,6,7,8,9,10,11,12,13,14,15,16,17,18,19,20,21,22,23,24,25,26,27,28,29,30,31,32,33,34,35,36,37,38,39,40,41,42,43,44,45,46,47,48,49,50,51,52,53,54,55,56,57,58,59,60,61,62,63,64,65,66,67,68,69,70,71,72,73,74
172.84272426248455,3671.8295143340556,375.41327818956734,64446.23748392091,229.40267183267244,22530.539887918225,238.85681320230452,3764.1153355462675,113.2362424929828,10985.716709566062,137.60313384747255,84.06882494868023,20.82692649834755,1.3625073122047004,6.1399375452801515,10.05536462516285,2.0605749268857205,1679.0371321189261,10.89146236109865,0.2877859635341971,0.07275431446041897,6204.702358097224,11.745016474920527,83256.07881500747,151.75861502616328,22127.264685319526,128.2058155099074,8505.691006797622,164.29905956580671,4357.591179580658,266.43561463317883,6648.833929891786,131.94809536431822,16339.891463776941,179.30870891023983,60173.031795670664,199.6204644855628,54479.272304179285,307.96260512822073,19721.66112799571,195.86196624022855,102512.59430490974,211.87270708304237,131226.08722961805,213.81666790264617,75555.19509353637,312.96460523517237,99706.68952909176,320.408046977425,26989.557196107024,297.2512000224743,4009.7010693734824,259.964635052648,7723.189832696612,261.5944222890513,2151.2987405431836,369.0729143891042,1119.3322057135815,410.4813024940866,7119.309300463872,360.02883925569114,412.91651706879054,259.4930771452298,9710.122378306913,400.12830201354535,1035.6235310079785,292.8596075013705,5322.0155811727645,428.0485042393007,1085.7106953177067,311.89176956903253,2229.150597919002,,,
5.257482485509452,4055.245632580276,92.25556937333377,55212.64846936132,112.03013339974612,22719.795693401895,153.78043940127307,2892.3822595390006,108.6748360645311,10610.521163780913,285.2197527272772,762.2799604672276,163.48443243271421,159.97877222811627,56.4452344674311,25.223428106737845,40.80944396302906,1640.906314332092,47.936516536449744,28.575354362913338,25.048726655349164,6174.906019428105,43.429588202410145,84262.88222961634,179.44568109935312,21990.550346853637,147.61572588676862,9018.496106890418,164.06021720030043,4506.6762606914035,294.4911124167158,6228.153456036077,243.53718688729148,17549.293473813872,279.0165414645629,64598.40557593951,222.133726659203,52798.834220773824,271.67579142078694,19302.894336618934,297.2750871831357,102186.50141973775,303.1314894878925,139422.0635564199,244.02625130081577,72516.14857904357,263.51819385914405,100410.86823906525,293.4409786632079,25133.567460491875,353.07701032436887,4871.490801075846,330.2972004475435,7973.326835205774,296.4516189640392,1917.7740567465119,349.5958411382821,797.5322647223066,455.4643669684358,7814.5268190970655,313.9413803068437,368.7337081607815,203.15344947827361,10100.651585127538,219.35419698508264,470.70168715635316,210.58618050725502,4179.228692201957,370.69658094075527,1207.7286602565032,298.1743036837256,2675.1937950832253,,,
6.4849129032753465,4075.9966233084974,101.73450679007746,55878.76164161094,183.98029395349965,24996.520515286455,166.48072308082394,2855.664845415446,153.98321240139694,10408.63090340745,408.1050809450136,1191.7118066691787,185.95130084604818,244.61491560982424,98.31053211986303,38.08752579758801,74.23533702534189,1971.5611696756364,91.90135232199941,44.190180467777544,25.989358185899867,5256.892826649196,57.98128097367422,83662.86721868505,144.2912892420427,21652.912883014276,172.4499176810007,8905.983358052785,120.93309066002044,4694.137126760082,207.56070552022288,6049.594179155927,207.47117769022128,17214.983205486264,272.8648933874842,64653.14431058612,274.95862725740267,57630.185401264236,268.5902891238998,18703.440151160452,326.67933863206656,106027.40544572897,369.60141504262134,135934.2670214689,390.52635823255554,79637.44905404902,318.82514765351283,98854.44859081566,214.6795000902525,24946.599608484332,235.41198784209382,4050.376762324756,214.31864460949927,7565.338468188891,243.08277509971475,1749.4190497094858,332.210064599166,791.7745492897011,429.4480974804608,7812.827496593825,225.5085910176955,292.93695120088955,147.73298358575627,9305.663450079275,284.7050066492683,749.4810550672878,156.32918256107223,4348.0658141299,283.4482555381164,782.1712202600844,234.33196114658728,2074.4136999180114,,,
5.699657086309713,4101.771254689282,147.3541890637387,57378.7252347682,142.50061823573904,23607.96772796192,160.87705401490953,3036.278685098306,102.22292104465589,10668.75251656817,269.89487988081345,545.4975016441256,57.63866488273234,49.925637752994625,29.393608097716154,18.561003581598253,27.249160856052956,1590.404801001669,97.78104416380167,32.6466296450982,8.051462734121538,4879.036188099075,45.259870574800445,83252.54275135523,164.96580859673438,21247.689261229305,160.9230070157288,8504.754120850304,125.2923176475015,3893.412424365092,179.31370681967002,6089.767563576701,166.19261818351512,16732.646600330634,127.13877514052614,59603.4943141072,159.21157353058635,52992.07465113589,74.85411986737644,16539.459083903937,143.46128165725307,100895.4662923462,112.28368852824255,130771.7784165901,112.3066135348071,73475.73658870971,113.83949781315586,94434.70840899753,206.91785603225702,24454.25698340465,194.99039824812832,3768.4122654530606,243.34383880316233,7545.133698589285,211.9178890442417,1151.3549762547823,295.77517600382777,310.8957386521519,345.88385258585106,7525.55035836748,226.98904886216948,363.9117240920008,108.34293725526456,9701.45490583148,290.0142118086005,518.1021202532869,133.98039108659927,3580.6200920525225,252.99214556137156,1064.2048745239179,209.06104154619493,2024.5358545841834,,,
5.664076518241509,4133.16033981399,104.37560465386294,55128.884353938476,126.10196036355427,21696.327525446814,210.037413882422,3443.399228459777,120.53203682393885,11405.092312915958,199.08582150739986,432.02942087680873,114.25338344565058,107.79252369507134,87.43676458091602,74.54941510308748,77.02208130291447,2054.3756153728245,109.19982283732679,78.66871520131876,75.04270881661184,6738.165027256894,75.8024730759474,87183.44766952828,139.3791757752618,21906.76097443789,125.56947785709589,8658.8640488308,197.24462396648494,4648.13419267678,348.3327990052099,7509.830505948856,221.27385586104762,15982.442866655185,265.13706736827214,63376.487860769805,251.3215418865004,54452.661222097835,237.13391426375753,19143.367792426263,218.07507015958407,103066.72934905792,182.36365247715008,130614.61482105927,177.3546212869724,75155.99396108995,238.61987946729698,99457.99873852014,174.99722252090328,23798.66753781401,344.66753485008223,5002.219515699899,242.6925149330371,7731.154920148045,288.1298909129744,1553.3016666477156,323.8380628968818,631.1272516669973,407.92148401708505,7713.336458539892,277.52281786962516,388.0863056664421,166.6600770082668,10024.18835060698,279.4477352322679,612.5794643476423,183.99425111059819,3878.211504535443,269.88057329554783,961.9092025549129,250.4919322891126,2201.4310344506175,,,
5.2770204567313606,4050.599638234093,135.83023001040186,56903.93712551856,185.00032693625766,23005.257942752636,118.69616419347047,2849.27927129955,105.69068515152733,11056.107095227368,212.0898965730463,437.3762316913692,70.78055516205602,67.77443128560213,28.55549131351628,13.826423494664148,28.158931798536834,1563.5018797646424,103.03982258205336,36.460137725221024,25.17754321452137,5478.533485552177,32.762970941368124,84193.53212160486,118.18614586619091,21649.828888634864,166.75912509793923,9424.858997941858,195.25872616171662,4865.418394256922,276.1603527582696,6360.466041676548,174.241980780974,16743.63596153141,231.69461260413868,63324.06850996532,225.4723241734262,54410.182114244504,254.50522938547104,19887.254253826366,259.08261166217045,104183.52146951377,235.90307299909867,134436.56473254575,268.8749695450598,76314.57518514198,281.3610046803757,100560.68238253253,265.9576441933438,24455.24603970227,393.70046941889325,5052.863325101294,278.8559506687326,7628.144698207696,295.596597552629,1936.316867804242,450.48212974050097,955.2060836377344,557.3924030695293,8780.785006808788,323.8697856572466,417.03354002561326,248.28448658293902,10178.833365813995,347.0979954594071,974.3851574807128,318.1660139879226,5103.227699429321,411.76718439671674,1322.573742465742,299.2288030588433,,,,
9.130218320761102,3821.5363638684007,235.86708027155782,58669.58632804187,164.6502127634029,22802.40341060616,130.3379420205072,2747.84817424765,164.72159256404535,10886.784765764354,386.2971399532183,863.9344190278583,114.86999729826121,140.2028832488749,77.79382121538914,38.98668519432271,77.07567305828758,2016.8364782715626,120.4354412096779,85.27112007056188,75.11390036895827,5797.270712412071,78.28961603973475,87167.07214644681,159.52953340611296,20043.92049620118,244.24240035732961,9402.83797027353,249.61882036272766,5045.309716848323,481.39733820286546,8415.118527034068,305.510366532903,16994.040743610956,398.6594846294606,65717.45169084845,332.32020585343776,56600.12216372907,360.32470665548493,19791.085126628062,321.06851576279075,105954.9134358955,353.86842700697827,134640.11648161508,306.5218463736484,76554.0079011127,337.14328453215165,101124.66691068285,349.58732514225454,25186.2927728445,320.14331692224965,4450.117403179526,254.26361862724812,7975.954379865301,305.4104921889845,1930.672218534328,471.77431090116045,948.744209919198,623.5862843027162,9822.062088831457,437.63556110463975,783.4368091201572,307.35141606986144,11606.398351655585,383.2750490418914,898.0027631512997,322.79913775493446,4758.204722150956,411.5939442330016,1341.755313958331,282.5773803090527,2543.736454243562,,,
6.905284350786838,3937.7197477414707,99.55369667012229,55296.442067069715,182.04659045461392,24146.694596771194,234.17828831166747,3696.493564824118,172.60704853136636,11991.397651920666,169.22984389027383,363.18981219647065,124.49869707295034,91.8050383487771,53.97743373039115,63.55364572911001,52.46869749644784,1633.06964274057,93.4785084129485,56.30257126865532,54.51501281653142,5574.5218611570335,58.65387499937853,82252.89497379844,243.4466854971273,23268.143440135813,230.6550731988862,8114.485728754081,168.24983119169968,4220.432471711677,335.9810378746951,7468.896533342858,239.29481468710267,16551.755206718983,260.3415107037988,66221.17760994527,257.48743948452096,52984.57476299217,348.861510857953,22453.129529127546,237.23210906024633,97750.201131302,303.50345646590745,139853.50328983658,323.68015714031316,76442.30843000127,227.99362459070036,99927.04517157654,272.4822779758669,24049.72257519844,235.16646470444402,4299.311633994324,326.8632281737579,7601.14705352371,310.64021466964596,1617.576401145713,355.832317394435,642.1993904603482,405.70807604726383,7373.138961062635,235.11743080146806,376.4562734529978,175.3782858907725,10472.120639354005,204.65595909544845,440.012211154345,227.5118839146473,3854.7320923806583,325.2160377085884,1212.4961639532057,252.74100165694523,2504.7441139617576,,,
4.799246686276174,4178.499289578698,90.08193147707401,54233.80691597601,162.43264098984923,23757.130594455946,96.80775480379076,2250.4685923264115,148.3573838005649,10455.30553294961,252.64391848024647,402.16063479754115,91.36028148799741,51.314147213117316,28.71301913660483,16.898188297874192,26.685654074271415,1695.7168570029721,36.69294525158215,28.39923060354345,25.069459680780717,6348.243460317282,28.863075146031086,84556.25249537283,79.74947791998362,19893.783456957284,111.8923892239303,7714.164288167849,178.25553261807292,4102.853425857194,329.66637674598155,7623.28635907153,240.03231836694724,17655.61955431001,240.42586535852823,63338.75760169766,239.4719618490447,55199.64125219996,272.78774997920425,18571.85494352536,262.1642589219061,103448.40282385994,253.53390460516002,133118.08449083718,333.3912573143776,79554.86790138682,352.7121322872862,97778.1457828813,414.9032662600333,29438.411322683958,397.1680986382786,3913.995568844233,334.27151115503796,9714.521841617729,394.34267550485026,2555.2024834278163,385.94352660495946,1276.5386743473434,530.3870839590188,7515.398396353525,286.70874267902553,346.0848281727034,258.8496352176575,9826.608455919257,329.4194012229803,950.9805766606967,283.3963560046446,5307.3157790565065,457.7070408535812,914.3418845911583,263.1162590780252,1880.3485451806755,,,
3.8959002670061063,4174.2910585846885,119.84642601670085,55174.30660835397,136.05128933125008,23344.19859165903,172.70418000414313,3055.574017021737,110.11689546301432,11175.018309708994,140.42676344015155,265.4560895773972,59.266467245167306,3.5935236155121464,3.3052502412390665,5.1447706088830145,2.60039324714738,1512.9060161295083,38.59096063725312,0.8066322101120945,0.05224101479228263,6274.618739715476,2.642868005104179,82394.20067733276,101.83553200331316,21889.92781812426,159.65093941747983,8283.002354632968,121.77164380136794,3977.2843629283243,216.31954888864834,6352.929016545149,171.71316303398964,16529.228030799943,231.07053748358436,65330.999011928194,211.1251102471976,53709.51357444734,224.64640858219514,18488.832780404053,148.2610543545515,99628.09761662844,161.184592548647,134710.88407378542,200.20329490098487,74387.15963219877,252.68494637141845,98541.47611448354,240.21069428007326,24392.188215847196,189.937328271868,3449.404394197388,220.96649838211988,7630.331467048321,197.6308505027418,1690.981085180447,364.6963611823301,634.9552858323221,456.7119920292542,8604.486607757708,243.06750637199497,336.34223077536143,139.82605966237728,9487.319668414211,316.53011305653587,735.4820287029982,174.7597583808765,4210.84324731884,320.4486515069921,959.3479742647839,223.47352572900223,2269.4838543746705,,,
6.227597087662424,4120.06525079617,121.03926951809146,57278.19825530573,116.7249691814027,22224.64236743224,268.53434072020076,3376.4840766194206,120.86790413537616,11454.84590019484,194.06023861137072,428.10313805455735,146.20431046988298,124.38945954573448,97.08972887313664,89.96319768985404,76.11779746450668,2035.350033201999,125.43343893286112,83.52414549720797,77.15965929344172,5493.594040133594,81.47167906197238,85435.22925281797,110.00041095869972,21308.997612288164,204.27505138404715,9855.291278237339,235.09412570557993,5131.463146585427,320.0640787567811,6424.422259418122,229.05056574663942,18004.392126084054,210.51065142200153,62030.51126129716,219.69376560695423,54517.69367443738,191.04691598307517,17431.66637401223,354.51456628603097,110997.83752358674,278.7285339211283,130791.95853566335,298.6532714117089,78843.89659757618,245.50156620617764,96263.66848250682,372.14218641959695,27873.115773136185,364.05350998021265,3634.9984889992793,288.2719826459139,8942.680574012831,323.5283813756611,2580.506568453723,564.0532969044746,1438.4167797810287,596.4420216500512,8912.01098290472,430.1372733687476,507.7527971043014,338.67871969593216,10326.897986487224,373.1786148535149,1121.2953310094952,302.97037635386636,5754.703561005932,404.6568748203673,901.9237943196523,385.1620921286652,1993.597906810116,,,
5.462243562678123,3937.1919702070704,80.30984371583546,53914.79478322823,149.89297829429722,23945.913048337654,114.45938214882162,2937.4138595004965,194.03820790343826,10902.356042822961,280.56300131966333,722.8482896617726,118.83677082961613,124.29203932134972,62.08922951857046,28.171199300684652,51.502313282065494,1901.1401382393412,82.24920322356485,56.43837924479164,50.089470954372864,5810.992037321261,53.54753534017682,84939.97691504784,119.44314596316318,19650.554187188314,178.27907471614338,9106.514793806513,173.78034289623085,4734.150388161603,376.09334603615014,7031.664544708241,144.5699698640255,16851.37939157858,187.3466769512517,59879.33347146531,327.76228241518186,58878.207467649365,312.91408615503866,18237.86441334483,278.83132214794205,107582.41074918356,265.97173923934884,133604.09335614508,350.4494548205444,79346.98136992611,360.70878813258105,100269.6560155942,423.05396643909944,28232.3938139833,382.6449486665425,4144.986714766121,355.8304067168093,8881.685536953533,289.6300926526392,2419.2856551624327,443.7962117536081,1306.9315424850486,497.37542429119094,8010.105455692356,325.44217516053,453.54558269652716,290.163288240296,10564.036352337906,461.46751154959395,1225.1150947122765,358.57010977004614,5860.579075117388,448.6296025242278,1078.7246212404464,348.5446171747283,2318.4300028513467,,,
8.378693702497813,3747.701712522529,181.03269866439348,56617.25467708287,184.8001279831755,22616.12019463915,163.82437768078867,3180.628415145774,183.07408916492963,11432.101126567042,252.22516857334847,589.1631559083206,85.39424578868429,53.003805856142435,27.967572435669034,19.278534469424052,3.189598848798782,1377.3731706073338,66.44820499164773,20.965742457302166,2.49407250181834,5487.2024098714555,25.538635753283536,82719.02436237755,99.3860728178236,21323.303446857433,131.97013776793463,8666.67477784917,168.69101833463586,4240.048203817593,250.1773741127023,6841.180391969842,157.2661619651727,16104.323031054113,229.55963074393392,62264.28253056125,192.89696967666853,54866.603602523006,290.0464753481449,20058.295089444422,172.26805944583393,100131.86368150714,281.8658169247832,135179.52856191067,247.89603782528388,74135.87223545916,231.34255216458465,98599.96557999813,149.73633491751912,23055.158583734774,208.05033988267687,3870.7084034970953,134.79496721632464,6449.489257343446,204.66097660899752,1288.6354290379127,290.7195542007502,468.3016762147101,456.40357596195093,8943.828485045766,221.7097222377377,234.29483678130208,115.81259577122391,9328.86289780397,246.54844448720058,584.2134161807455,105.46635314725977,3803.6720920955886,220.71843317136816,587.7623226241283,111.28723492362533,1640.7351033477494,,,
6.997538418615289,4139.016330507523,85.90097442960513,55377.99378018042,135.44438602827918,23259.98084946335,130.4292409439213,2652.462089808204,74.4669212941204,10511.913964239235,294.27803063955554,727.5466576912188,73.84176184859135,29.63448981167148,3.2583635034438725,4.116751642810404,3.122037872548073,1505.941927638598,40.84089440193701,1.283111330861145,0.08274822826241715,6212.51971909045,22.43780408958631,84132.82926191197,66.62693845633143,20045.130281594862,130.04256302880773,7897.423684079012,152.21117808590287,4034.6219451420475,266.13598505010174,7449.123031777278,97.71460808777117,15873.865569919453,106.9733798085575,60617.15717505755,185.04595860765536,55833.56942522448,237.9372782200153,18866.877381528277,159.198793182523,101828.14130477824,233.78696179473988,133052.44894112914,270.2044534915679,76277.16098499382,195.6147290459583,98612.18712695314,188.83798925461332,24994.980419468815,176.07655343628375,3943.262307862342,216.9294013082424,7443.174690363646,266.46729396537233,1717.0220251486467,306.83891085040085,659.2339726695258,368.23240328763376,7654.7150306311205,254.849006719591,330.8830158517908,125.09582649153008,9516.694113654443,292.06718361219663,691.2415615952144,177.54379618471086,4131.727182410395,216.68322724376708,565.8488959808509,144.8507536382392,1658.4076282679055,,,
6.136390387433261,4063.0576300956905,164.95588833006815,58144.09306245526,199.10918297777076,23647.687271997773,91.18247743415291,2862.0088648513038,93.9937087629534,10580.679813159099,290.78153921271445,624.3324430115498,111.07056587625821,121.44415180493009,33.16245106171208,4.077720688239158,6.72269724211642,1738.7238150413473,21.476945670292018,0.919268131691877,0.09436479342237726,6092.12329613507,2.2377151174825975,83781.54343445275,77.39153534199316,20578.167018050444,87.09734076049381,8559.216476119636,160.74756348088943,4252.620473968525,280.3636177299916,7332.715037560327,98.37945491346441,15227.47430898277,189.48602693944378,63735.42870063212,156.1868742422807,53996.591048533584,203.84992213424133,18617.604159886032,105.57440985677128,99474.38692633585,119.89340693639778,132337.9349759367,120.88285086450624,70878.87726406609,115.66113336194495,97114.90157917036,148.5336411462979,23535.39917877987,108.74806393713871,3448.986369459011,188.41731394843708,6566.4741283143585,124.56689478999937,1079.0458896884577,248.95810491698447,315.53619202830254,347.4040287572822,7567.422349245248,186.13265124495004,174.55230887109602,56.61491002897271,8541.605154811772,224.8558974798193,432.62527335387205,70.10315604173702,3373.355018662945,208.94879356494997,921.2239670166213,104.71052178586382,,,,
4.902300647724467,4212.143847465029,103.76434605551032,57089.49754254795,183.7109131642272,23473.05428460685,138.71419010905,3034.727270251812,122.16330787914305,11151.939490924566,286.9768022342851,672.0968229593857,131.88019818562026,82.58970928854549,52.9129504321602,58.25221664629355,51.38304625603579,1748.9630513142727,89.21401210038573,51.06627972750546,50.034027695244156,6657.704342546534,51.18075440579876,85463.82653629976,119.83437293227169,21940.534249107302,218.63228015786495,9034.877106190586,256.33402805994865,4764.931416803571,311.13603483504306,6564.0174730040335,285.04386889778675,17390.841104745374,309.88634141390537,64951.983405974875,331.6726370008551,55683.149245443725,327.42660370593006,19813.26319734491,357.585361393751,105798.87162853984,400.9361180158428,140623.97674481274,427.27208196774916,76616.99683778493,443.99289008353577,103784.944066966,392.04187491949546,25942.867915132825,495.1593069006096,6226.102550893394,443.6237500603329,8028.759030226589,469.8177974636598,2362.5845706624345,553.4237186610754,1274.2916113980968,650.6140277805954,9460.718582043186,419.85523010307537,763.7923961854688,384.42768924475035,12191.37386929,365.90536816358116,721.0134293032021,424.052532849165,5035.521703992848,474.0723441998566,1565.5108855588687,426.56878717752176,3099.6966486407814,,,
5.612625526216079,4013.062308083324,140.30709495756722,57182.97639722842,252.53023619205646,24784.866190991084,242.94062070145395,3518.6533599315126,181.56820138947936,11392.755648014403,248.3130737283026,539.6981386283247,173.67959568998808,121.84961087680318,101.18583162992239,114.00880420691257,101.80668668000501,1925.2933970074403,118.3331564602078,100.55379568514759,100.03282481489941,7099.917396348141,100.56650737840415,89986.84974698063,105.07230798125102,21680.88452246649,134.28396178849624,8056.972967809853,192.80658562401683,4478.319995336558,280.3440355885137,6898.621112374731,230.0494556411837,16329.653223774925,266.7081847396486,64247.04571286255,300.82648987132467,54587.89130065812,295.5098332685839,19605.65891222344,266.2772238392625,101508.1103234073,263.7490926077183,133874.6650372857,323.6853000320313,76198.44407268392,323.22595469406946,100216.46954370957,386.0901066941564,27488.908179887974,356.9219573168153,4672.064755603382,299.1546608450746,8421.175747247786,390.74926527422014,2585.4134038600605,495.5724544890461,1317.276772632937,547.042283683565,8453.151353732035,403.4482462717142,584.9427522167945,347.43709704136813,11165.526796530501,471.52724390882196,873.8612941192811,324.2183944125832,4785.232735917306,454.58572344086497,1592.1259493449445,343.2307462706602,3023.3832303466165,,,
7.791843682476319,4070.238082706891,108.61650903931391,56588.98834560174,136.72764602090436,23292.202796090714,105.70955763626557,3160.637698934502,107.20817408470762,10555.234505330114,294.5367188526226,761.7034897077061,62.431428086954305,51.11713208750942,29.71122125848706,24.78603763710235,26.637998125826623,1650.372824001728,69.29714010757897,19.34312313104789,7.532692732453126,5277.342019873519,48.64812371536938,82663.75813447274,65.09128453166291,20510.411070804348,211.48603614442985,9402.703232794156,142.4788750579264,4844.110206855164,255.00497916443405,6593.972425294627,166.94880019780595,16284.466795581864,223.20516883269048,64470.41260211886,182.2224040977383,52917.37333264426,207.40998419652863,18916.970391237384,187.56570245808288,99926.20841879681,181.54103382388186,134359.17805533553,213.82434542356873,74964.15457504097,230.31464521823457,97676.40692542415,292.34168503140944,26259.269187008365,214.69198747732457,3799.5336003735542,277.04809237333694,8937.79496329365,277.89589959288156,1895.7636246724983,250.9183045597899,806.2063345979095,317.33941608361846,6387.245603403125,271.2468250080371,289.7386223380222,176.69169325589957,9744.833686493486,255.67292860248398,577.1530548279288,190.1762821965271,4363.227948749801,225.1780055829334,745.5684943537176,201.74418354507708,2068.8347581372445,,,
5.512165187400728,4186.772963101126,116.5026447614976,57155.889387110496,136.54658912060938,22349.16032430555,131.79920420786343,3092.1747923844396,170.47615022965937,11349.74833169535,337.99340299955406,585.4400760710381,170.94704244854012,120.13378412389335,108.80658888941947,115.97449621775876,100.07497323339145,1815.0883780516415,127.66948286917165,73.63033645764122,73.76977308289787,6632.694365182431,87.89969304562823,84793.99245488107,93.45931719132871,20993.40958485747,212.67328536306823,9351.496159886745,199.43141807690813,4482.691691492715,237.43197919484928,6017.568695478725,231.43507155085607,17334.88347783162,220.12178778972438,63099.62140047734,258.0974056046647,55491.55029482172,262.42866700381853,19513.85306508903,291.0406098951208,104079.64791721538,299.7590809049651,137445.35208505823,300.849073509734,76994.18071487117,357.7079704577538,101152.40479750045,290.47675829246884,24919.587399666172,445.5927630811614,5410.72537594911,356.28514592472436,8296.31492024418,456.8008344543888,2370.0851778561373,526.6705352679149,1117.0358060653434,573.5880706244529,8495.437950238691,320.24455932525206,493.57167745469036,256.0449868705508,10564.799752285831,376.35089345354356,964.4769565241168,309.9841123895674,4719.360745566259,344.8265333920945,1043.2303339057594,308.30338732663887,2263.9736256504216,,,
8.633609523294497,4055.2492958412986,118.71929857172744,57772.96950309114,142.54693356896817,22469.625298741434,162.04075779663543,3271.736826530949,173.02655751575782,11330.44667260436,247.02941355035574,469.988216670341,89.00545779965358,104.63126718911008,81.45616402005024,69.0915360588926,71.56549649692019,1727.9183981862732,83.85280779492007,50.06361904132268,43.35185646338658,5883.79738371087,34.54472830877729,81894.52056343266,146.5137197514257,20927.04272740946,127.10586483964276,7835.446823714199,110.7201209491153,3807.6156389787548,252.25027990460126,6782.135613715429,111.72926112496317,15432.97490554635,208.77272397965262,63242.68143035144,228.52843293958512,54138.247102058594,221.12980877910823,19535.492575594104,284.5132332546814,101223.31133564046,308.72690686244795,138324.0966250563,211.07042347073633,73714.39982858828,364.2974007560653,103050.83004855824,277.34136602064035,23974.51805862637,249.45643043245008,4306.309624261722,205.25478857859179,6878.803879339168,293.1196915742367,1499.6760905797985,414.62232758228265,622.6280495031369,711.1584375258118,12130.875483239188,428.16395202652325,959.0292066497431,286.7474694808196,12256.343812031271,405.95667642622305,637.2275879758399,282.0149609994989,4075.249670853822,419.2383003621801,1700.8376925176378,362.6380689740379,,,,
5.429745872143835,4070.3281704517417,108.71080634607615,56709.34840238599,169.63067902260153,23932.33140488539,204.908561631117,3162.2406949798606,124.06232388125532,11032.384292201452,258.7850713063872,377.80192583007897,110.16329520773617,68.85220200581772,61.04892739514078,62.88268000144362,52.03232158763269,1800.6693814037642,118.09121354399733,56.13180291194022,46.16296393878059,5378.136692692611,75.45109998658559,82710.11381842835,104.36122626910249,21358.982838712232,153.81474974096082,8359.559028573532,218.51751019595926,3893.1466720208546,348.63744660743396,7984.382007297812,224.2525234692673,15967.991752723461,211.58969478507484,64806.25277642651,263.9562656289939,54525.402209383254,212.73549736586602,19435.05220382619,231.45008675869872,99361.12960872274,288.0110009503755,138756.24411727826,345.7041537426727,75357.08703184385,272.28599456613284,101429.17330959502,324.94823573565674,24140.462644513438,242.8067129488844,4655.957731407155,249.98050824901088,6621.77045605536,313.40073832874657,1291.513398791814,385.9470897659631,465.69718990330404,517.6455606510154,9310.052662002663,303.106690811297,784.5497806772449,253.1088153953937,11497.430057747024,327.5218742548051,419.85480005073754,287.25549611614593,3424.4964470125637,451.23647892318445,1875.4134763182346,256.43334894237,3296.968660934336,,,
9.652410538579455,3929.307599679857,167.91993057376033,57590.68101301366,230.57258664556892,23489.42421157776,144.9270198670488,3095.0274888699796,173.12725789701386,11529.456413375436,230.53351335461218,452.4250349025357,130.5590319950251,74.39445626145172,30.387504864334833,46.32316146666177,26.530887576904966,1733.7784619152262,51.1850247395266,23.178020083116586,25.057472034403073,6302.385792627414,26.2981693248686,85160.71998789077,101.27009109423764,22357.129928649676,233.60468523817423,8930.755562144304,113.32618809170648,4156.987612600995,256.5759233665082,6474.149010795059,273.6777721663819,17835.307312141107,244.05592153276012,62913.261085873375,292.62987819659696,58111.991641265115,235.45328075342397,17697.73684687902,251.8191900588764,105233.10856370031,257.94189634159545,132017.48233304426,228.999049064237,75673.67656495167,239.60361058028838,95103.3903683027,337.84513222065317,28764.511383657,221.74699020330507,3152.3370368418528,266.2321435476053,8636.362206170197,238.28807577188866,2378.804999091782,455.83362388024995,1277.041869159708,508.15141509372756,7952.060263749946,322.3412711416657,319.6758654057866,258.32634675439283,9772.119607434575,326.18276010306147,896.8312343352665,259.8280523172211,5437.492535673824,354.57675503421837,746.8180215575107,259.9284900077343,1972.0519368880682,270.72336811099717,,
7.378903276229371,3957.593103885709,129.66807403474758,56204.34261015979,75.30576788732066,21297.67913455308,107.5340456842446,2914.646465047611,167.6691301017645,10399.797803930747,399.7505669138375,1181.854514346764,148.86692448213154,190.24700427109372,101.05477839358528,48.33528699695496,87.89904219379196,2208.8669907123253,115.3239167831287,84.1733926610084,75.04968045474216,5921.839442185062,77.31585417820745,85979.84881748607,179.7512624237463,21306.041949017726,272.38255689366,10402.26713603945,214.8770495731726,5481.364192589501,255.60553132710726,5563.850749420848,358.1457653002871,19333.624527802625,346.66024400997594,62895.88712823154,315.05890189403624,57014.378964150674,302.0469293196279,18534.728428214108,302.2033220799682,106951.39515110308,320.26475647766614,133347.49634909272,290.0275621607486,79108.66004899885,315.5098086566449,98798.3949675831,308.2467934977134,25625.682195364538,355.5591003183882,4384.332930682929,362.46896053014575,8951.83930612454,324.5768487084383,2401.255313324066,474.20950345251407,1276.561804880448,542.0745948883094,7991.526243883022,335.17427063721095,386.6878999274621,280.19743224644265,10417.11308960661,362.79190578328166,952.709800305692,281.5178321766938,5370.962609481076,347.7656806195497,966.1809768256857,257.567561164516,1856.8729464338355,317.77319056931265,224.01829736763284,252.78525972744407
6.589968619054172,4181.768179688232,122.04485683645464,57942.47527442832,180.2542105163745,23428.66507944588,152.78613279999422,3434.248432160005,73.76573293241522,10972.49045141803,198.21692200257277,360.29191726279737,38.20786888258101,3.304493591668482,7.412810538721118,10.635080339410266,4.800814212609102,1730.3939647907066,41.722518122772485,22.57624696769497,25.05373354129864,6690.730365605062,26.1316932541896,84258.87799481502,64.01849412743431,20674.091323959503,169.72279833843464,8517.263497975096,180.70977727311853,4210.258213858032,194.2466976202823,5657.786254960068,139.46794135879514,16878.663245725784,193.72946900584864,62634.677085784526,171.66055632129857,55478.249674224506,170.251710767347,17542.375229000016,231.19862000287716,107026.7396313425,202.3600325477919,131980.51406897805,322.491983037013,80492.86275975825,243.97736426671995,96342.35410340251,251.15896693813303,25066.839900867148,176.94719134329267,3626.7902109690467,200.91055934376845,7761.979410096499,218.37900052077157,1565.017214423219,387.3141485804463,640.1982295976484,471.5454532720332,8840.427260662549,336.67480514358635,617.2981526935707,258.6218521095259,10572.29697166968,354.32414305479773,824.9680913984248,241.79734992718738,4201.519480627745,273.8539435468407,991.7570861072829,225.61706173505965,2306.2011039050985,372.5404315352671,352.2456097893137,224.3377573981536
8.672753925866756,3878.508150867753,149.08213945970968,57100.88092827392,262.49182382919884,25459.086797444754,185.20018412733413,3471.9198587227115,164.45699474336925,11740.058486561955,229.22009728642936,331.9188315918176,76.56426895168536,22.097116081874546,55.35563165560413,91.02508459138619,28.65346032329321,1628.5763989277862,50.10432329967743,22.94842970879105,25.062175667578714,6568.769498278381,29.006155208254345,82467.3116439992,103.90995509198815,21045.043266152505,77.49765223537916,7578.687798339941,141.49164760521768,3910.2632069564766,212.79135639056278,6200.3792190571085,110.37465489374176,15118.523326973529,218.78180960627566,64335.297631732086,206.46064063724808,53696.880624110214,253.08116703509097,19753.39630629156,178.47807137571246,100243.12716885711,235.82834130389543,135116.41961153114,265.835199497897,74309.2778276416,248.14473240105127,101158.00727584117,287.13505525501307,23528.567151670424,227.68594794633313,4129.806688355109,217.24948279970985,7005.9217652045945,164.68736440236503,1297.2182527966215,331.30644316207116,311.2979844985785,334.310544358547,7098.582330646109,223.33079482814836,380.61591333493783,143.1539055401156,10335.803220981963,187.37405433174942,195.04671874986428,107.13632264128043,3326.4795203097356,237.11608184075652,1049.636362324903,218.75121628066128,2516.9326831336093,266.9208652048665,315.0387454212744,153.09553299750408
8.155281779099957,4158.7193911989025,59.25255914053487,54019.6450341614,168.14721258579368,24501.464789225196,157.35481668394797,3203.7680450565163,201.68854285659705,10937.456147455252,335.41770582782357,778.9280318638514,138.36258721424838,175.38673609642018,95.31244147596612,64.22305034932106,65.80219592495536,1843.5749067964969,87.44061612340737,62.38430000769594,49.81308715297642,5590.477323651637,49.98084657052628,84946.76906595778,161.26718177544942,22091.495904459305,166.40089695586002,8725.855594721112,272.06015560735824,4527.219701246946,296.0958044439822,7294.237715952755,205.55871933259772,17014.46210741108,272.35203156520197,64842.98917173699,251.2733505449324,55129.50496268884,219.1094882883365,19320.449488867096,175.79233842350007,101793.65555375,192.56411806842968,133742.32766488966,225.020015285536,75723.08355136187,253.57992180350902,97043.60353132077,186.0654501143007,24850.00955065247,261.3158561479714,4252.37143234299,321.27306701057034,7988.455558107372,219.83318966997203,1782.3465318977524,375.8708434500058,797.6551140657313,480.81346274841445,8423.010727756608,229.01667645326344,225.70827930167204,134.53649715360476,9388.466146373343,319.64498223733983,1020.547978279822,242.32187339420238,5286.075097254284,344.5257621858085,732.6328947191546,273.2714531666522,1818.7140432406693,378.6838855089263,220.06762286006216,248.0217579131313
5.7068965667191796,4129.412694364309,110.06812132759336,55400.026411681334,178.70124857669757,22454.9860777084,183.814290490865,2995.455693300721,139.50049413995018,10831.248987609415,270.3494712948514,712.7789554224564,96.75782020723106,107.46855418363056,28.925156687019392,16.706323904144316,27.773503946992165,1589.8672103798224,78.03952202129797,50.871050750785166,50.04620348511357,6765.674533427379,50.43558089468486,86765.02071220109,103.68100703302903,21047.780443818006,199.9907128034271,9221.319783410283,187.31422194332907,4646.72246215275,325.9702331297345,7114.078370798144,228.85600262168504,17170.75529825226,213.9970029139493,62627.24782007872,183.32651170694646,53227.01094253332,230.6350766603026,18451.30755074364,237.501815805709,105107.6394007944,293.14672374926425,134763.26161802988,239.30288445666514,76151.34192796612,240.00291087104142,98021.37189464111,255.59611406858167,25484.172346437976,178.33699419123187,3699.8310189543995,194.12831898261268,7255.0067166714225,223.34801102501999,1517.9275391013148,400.265761766664,633.6806358020865,469.30492468059305,7877.529710946275,280.56219575277964,457.8663584091089,220.96463848015767,10476.682860152201,288.21463824492497,658.3239348536497,272.2480364498093,4576.215036107507,287.93424590497074,801.5891755180771,187.3698873019451,1846.7205591778124,327.2925787656546,220.55226073550259,
9.122346247879312,3981.6957263680565,171.3140307056686,57803.44927837545,143.9287584909305,23384.92261618306,272.69866925472803,3902.2110037050556,162.9971630961925,11416.612439932853,288.9563729463083,618.5789031463846,117.44960786931901,31.368891804287067,51.74048586903648,89.3216818174711,52.23181804923832,1395.768949737916,85.36093985888846,46.35937880384837,50.208984745321565,6353.089500258916,53.57738842711116,82750.40418436445,147.55643220323694,22664.75914818312,207.5576277454834,8271.926121515975,168.11294880332346,4192.963313668762,290.1902693071157,7013.0207995270985,205.678622776094,16547.192309303533,248.8607218619392,66301.98379049235,225.5876910051125,53506.33357873788,164.69805252415637,18598.96432602842,226.50214996865438,103442.53661309653,281.24948266310076,138408.9827944809,298.6878817309014,75854.4106782902,266.9049477384356,100537.79416314683,220.42031199986957,23383.163887173956,214.88968694393768,4857.709831609823,185.51396612153977,5802.049792139256,254.82384892032204,1059.9877135736988,393.609315999879,299.97460081508405,520.7316002995562,9667.499586262942,270.89366009008654,518.3688211232927,158.47363076784396,10808.051851450446,236.41783997601576,266.40232570064,133.42320251869424,3516.6887131979047,149.1370953618787,713.761046689117,159.71205061773537,2021.0298398187915,342.4058251747476,283.9981462126396,
10.47132501511588,3976.1978387937393,135.01296183827506,55892.08706064785,144.54648141812106,23687.61870110563,151.39279048896813,3395.167964538645,136.46331027842783,11139.248772857889,226.37828171728,564.4564621588287,150.98764715556163,24.219326740811297,26.652955805551816,36.42125298176962,8.772954969453579,1565.3044581167742,71.5049467362332,4.886970862147506,0.22618391663061085,5896.825602711984,15.27244505345395,82624.91060507063,74.35305261364448,20460.112187924256,96.69240456558802,8158.6939750463425,115.3958293200246,3944.9650658773708,236.7303072038337,6340.402974944243,166.12879811950435,15568.95955033214,310.9585037506323,66973.46667927144,181.9386886703042,50390.87916363398,254.756069724287,19998.523528215323,193.4382802217719,100058.05594128378,213.93051271747206,135255.69781509019,135.80621129872148,71345.46055071906,190.22104773791753,99604.97123034415,176.76417845092072,23305.662113937386,208.812377805836,4192.038615167636,161.06411022487677,6268.26275631108,151.52602839955867,1199.3944288781795,258.3821281581702,312.38964565698626,395.6540639581177,7743.911283892032,185.1179525396975,361.8566328635844,124.98363644528165,10088.966391406346,264.6381541471698,464.7891047650019,167.15865528430805,3759.555671035236,288.6655338393432,1153.9520980964157,163.73269310848048,2392.0641276887422,251.19399900766044,283.44287414073074,
5.416365593369397,4297.782465579192,85.51255703464453,55817.428791704755,119.72982395645661,22688.616573688476,104.68194712305096,3100.567598086588,134.3785864459039,11057.718087695252,244.45791770666617,581.9811698217593,110.86417193693134,91.79388577821102,50.91925259502806,47.84076413393371,28.886944198446244,1480.177693693827,86.63051639192959,30.377567426158016,25.243194860511903,6084.3448518515015,36.96724192881637,81859.66769916845,116.77286162028808,22126.343581946192,185.41318650119302,8450.910881139376,142.60116189023134,3800.958612916898,223.41048731368687,6292.964759680658,159.852134933789,17158.93899984533,266.54827296557517,63365.87351614349,265.9567307489832,56256.45788525154,252.76844349247432,18796.522019183813,268.3651269930079,104848.06873382401,260.7461994227288,133738.77751823072,289.69403311976043,75509.48860319208,190.9793012784251,98318.34753687069,290.2623232410499,24829.052261951223,339.97933684038594,4605.967342407835,303.38143000013343,7553.776917599495,395.5060656754542,1929.4110089812218,489.9761850797526,962.1096657662384,549.7523697548844,8905.898491507189,313.50151429692716,475.93771145407885,260.1424965111451,10230.795896222487,390.8771757089146,984.9170453162019,317.6164157597386,4921.293565408382,301.12976346953747,958.6752062008552,298.6960534289132,2347.569690748788,347.2047911178586,359.32775215174996,
