0,1,2,3,4,5,6,7,8,9,10,11,12,13,14,15,16,17,18,19,20,21,22,23,24,25,26,27,28,29,30,31,32,33,34,35,36,37,38,39,40,41,42,43,44,45,46,47,48,49,50,51,52,53,54,55,56,57,58,59,60,61,62,63,64,65,66,67,68,69,70,71,72,73,74,75,76,77,78,79,80,81,82,83,84,85,86,87,88,89
6.909869694129195,7.464781684375002,5.917982184372402,5.13283597151947,10.60380027880388,8.189485002791919,6.1692053285255355,7.99007384782061,7.49206115788342,8.248393256442242,7.8523901673484815,6.686235942067131,7.436526754890321,5.060747100765361,7.056160067525092,7.161777175872733,5.086490602580358,6.4323775258773095,6.231575429800664,6.304478890338878,6.121710269412748,6.99119413326416,5.359215655092331,5.536874300162503,5.2571780023015755,5.904607671939613,5.773626053190817,5.573842838785267,5.372256436322115,5.13095789648821,4.884846535653047,5.311846437920221,6.219269795699326,4.434660718981177,5.855313686864001,5.131844748446471,5.2791267837822975,6.7736884824767465,6.765922857987398,6.0346453955262875,4.721090496612494,5.074377597329295,4.916944668002445,4.665159313870984,4.869340346783939,5.010024254231123,4.907862151382477,5.108409188421176,4.973553531372206,5.17938332669179,4.621734183121167,4.401196948847299,4.902399164054306,4.63939670952603,5.214204241794019,3.714810665245589,4.984647963050242,6.552237786857371,6.920249509567641,5.390299109585436,4.128929621348974,6.198985163303768,4.975330955225204,5.658565849236331,4.829737821088437,4.9477018916266795,3.9695673288615043,4.593553725929799,3.4352872196503257,3.7112789854840877,4.2611432844516,5.184804206833487,4.759958973751636,5.066013989233357,4.401951161080112,4.774785699244721,4.766363893962012,4.655177246735872,4.004197632311459,4.074664856789794,4.8772250241947495,4.279434466728371,7.194562403799101,4.890691866589911,5.190480338408421,4.47204998440174,4.946291721907271,5.0762313327876925,4.553938075365063,5.31394988175112
11.939878338158124,8.072522992306519,5.000981349307361,6.169249574384952,8.855832690526126,6.483265726390139,7.241208008471996,7.411259661706269,7.223440728930086,6.376177021839479,6.576714078881435,7.182623217988545,5.126622457122628,6.8664435274142726,6.1517504610277065,6.5542379006720966,5.338481786342421,5.733726924412948,5.091149912278667,5.510106078391427,6.244946100554549,6.4985072462475495,5.983010835673336,5.459378379142554,5.196546182629127,5.416699493717084,5.688948892291066,5.452171109693425,5.560578967793124,4.56403131244965,5.6843284905006115,4.5138425853180735,3.735611219988776,4.705023429407153,6.47726782382793,5.6421082734234504,4.791555908519849,5.9621332581471655,6.424767111777541,4.612234626639078,5.1326344745919,4.550097151823654,4.419520286148022,4.632764400754105,5.124098126153615,5.339408902900178,5.4935608649694005,5.281858544181271,4.908748532641424,5.370216694169751,5.305250678688908,4.921623369642148,5.160087751982981,5.168423360487361,5.190802778261582,4.95554266102235,5.095359481639734,5.8739520827367135,4.85818142579999,4.926061921026694,4.126535989617403,5.58428434408447,4.216983792824139,5.087889662657328,5.202964485464488,5.400000185634823,5.600971798835684,5.5332941014246835,5.387856212380878,5.4293836402698,5.373539735342445,5.637561778366731,5.606041947690136,5.634780697012963,5.497586346545863,5.929194268240092,5.491085798057175,5.6639634822054665,4.872394843292754,3.9542955209158204,4.889092558975715,4.29283954648824,6.658961468599789,3.7367705657148025,6.006509419797968,3.600265851447753,3.5649045775841035,4.47256383915915,5.276644565728293,5.300030433630451
7.6152052000705375,7.540181204661946,5.004124008958159,5.289905775047085,5.649484373386271,6.566403966608681,5.43493566041639,6.002677192699189,8.181688309920284,5.229481475943963,5.550643215224613,5.783737478251041,6.7528470291213445,5.065608892969454,5.665377000723299,5.886198285744688,6.362544993284845,5.802403305699247,5.5814379451926035,5.815492215789122,6.003998698658172,5.992151883633873,6.001481995014385,5.68666029006253,6.092135692140073,5.836662718823022,5.95763653433826,5.363675247125413,5.309230381348016,5.41660698484021,4.875993929739869,5.922312532662203,5.420959953524714,4.614408537266082,4.923995528749815,5.329816723748679,5.3248384555604416,5.549710165950066,6.039314364603375,5.981155575565494,5.349057989622434,5.564155942482025,5.72054462903056,5.643245300882654,5.380397498800463,5.766127452647258,5.801788229116373,5.55333612156623,5.113134957897899,5.372096300730456,5.1257861768059545,5.185013091699415,4.816739482706069,5.043203736226132,5.25292995712394,5.122289264204968,5.076640801227755,6.541989598540044,7.03171417569498,5.317570192667317,4.357367985141657,5.741804562765587,5.4291014957937,3.81771271304117,5.635164874757372,6.094208109925391,6.593509764368471,6.672815610473765,6.642170432504336,6.376660954160897,6.315050227912761,6.593725622813198,5.582595589896382,5.546063870120958,5.677889880574665,5.514256125350591,5.54804006978184,5.236952799214676,5.4568984118669555,4.54136147236265,4.464604279535496,4.668742023464241,5.539466943193258,3.9110154144407008,5.529269419012414,4.344472185314941,5.2951223412215676,4.810161090752338,5.125907665405183,7.1952906626380715
5.653897717228191,6.118040866122722,8.656364279304663,6.6314082165411605,7.9484665858015076,10.493351017157368,6.101200904875306,7.403438471120332,10.505507469820433,8.283117900876704,9.08603967129124,8.401937154406745,7.0228181827336185,6.879586000607984,8.828048211257292,5.3323809998863805,6.417840038342759,5.452585231387613,5.873818083164923,5.599203100682427,6.444941473808634,7.574296972884082,7.030708416859653,6.556966629970972,6.017703305536421,5.7632184019831785,5.6891695814670316,4.893524162685982,5.466662890456732,5.918806144253549,5.170258946095862,5.8326779846912755,6.015838186206061,4.974200520311574,5.507773043805572,6.0065985629147685,6.72142440160873,6.602203911013031,7.549668954416663,5.440334431390582,4.134485844501685,4.432230762567592,3.8640391352430155,4.170676238346908,4.057921627610528,4.055965265153122,4.52982755742804,4.800206567888336,4.58979151467537,4.833836119826082,4.389949362998438,4.328190142205677,4.518295541371935,4.439591392129485,4.371359120328674,4.913032302786856,5.360912682754595,7.319213812796169,6.911192712700699,7.519121506580497,6.267296111517122,7.787693902002201,4.797952373820389,4.48633501438226,4.121787520458198,3.71080085132912,4.7600285417240285,4.8563743024086286,3.567437633029369,4.1286395744193,4.736921477521125,5.323110443831592,4.57603593187951,4.4953646816749036,4.894323211452211,4.889834278170482,5.008308316637485,4.755904085661803,5.588681173778757,4.6789237816772955,5.6010528139625535,4.865143405409464,8.51627136239523,6.30569936459541,8.339518813313639,7.372867420391247,6.1101089338551615,6.503551032995834,5.863956192554196,5.685522343691534
6.3494304859603306,8.33785691508913,7.991690693822282,8.975080142187739,7.343676842022137,6.456417465615277,6.379281822556455,9.5447888171265,8.555004183121055,7.136053475768411,5.3926406633234265,6.250745996601988,5.435982975685751,6.889243433506674,4.8711856551493655,5.531920486471907,4.395546698866084,5.476629803495162,5.597293477194719,5.789470339896545,6.753311428851308,7.343598572575097,6.040889064153848,4.7751054915182065,5.296682069107067,5.245169888509661,4.861424618155664,4.275818732386843,4.862195228707316,4.915960483161883,5.072274880726332,4.528701201857743,5.721650684835809,5.669242615293666,6.105424209302208,5.004248263995143,4.875670230778289,5.99983404162359,6.203147244989526,4.526131652180427,5.595177171804582,4.763540838042597,4.723144308184824,4.957200708419748,4.707593800888401,5.312191459162423,4.936671294984735,4.791975823316828,4.680294863419328,4.544471513451657,4.653853991887018,4.5862673011393715,4.79265282710373,5.099290196873036,4.705161006958987,4.9054987652047215,4.4849362026288615,6.013448060582866,6.43878391650772,6.5514015757490975,4.660530748729512,7.1093701747764655,5.952641980140801,4.61129413987755,5.076410344952403,6.173075982769269,5.886423873053876,5.516583863067106,5.16466613163425,4.821167399238035,5.027783161241313,5.388632016182505,4.914490023895506,5.746797894026803,5.234505169684684,5.782632099703925,5.566295343067306,5.41011550228072,4.993692217000985,4.3691127924814035,4.892425234715005,3.8799338518458515,6.021830339767869,4.359275799527431,7.080263702540937,5.314647945720064,3.6420338956242,5.227937111952261,4.6674004877867565,5.041813207394869
5.037399165284082,5.461715510354048,5.428526979780703,5.695900554082037,5.07348454107061,9.704369046306494,5.812299163704549,5.140581978022023,10.872936864485986,7.833829703304293,8.12346339470517,5.231127365384107,5.163902755589477,5.130200297055772,5.187121649804479,6.202265945639883,4.188994039608075,4.715801375466616,5.10569348794607,5.543772500168821,5.564536199116115,6.581263015813298,5.9030674939799255,4.979232624381108,5.089550752702376,4.322263061635628,4.796181583244095,4.841003809868352,4.786785282138058,4.0400887027555195,4.1010636846491275,4.092060044219643,5.285673606617774,4.196768618467613,5.590406346477487,4.304300110799834,4.322713145146536,5.049659273007527,5.034046396837112,2.792743656535887,4.247380254850105,3.284611968366406,3.513694000145945,3.2050823059033977,3.743156576860764,4.118691024551115,3.9754752755350737,4.411347162953615,4.155202953343003,4.9076099400906275,4.088018702429516,4.133951963940711,4.395159169452179,4.830137419452669,3.400566458124042,4.631561984167372,4.316558808917176,5.270586988815979,6.949217451710101,5.784379410642255,4.423992464961057,6.598677012541912,4.608315421092081,4.5292768529721705,4.095289442113747,3.896748510927106,4.213316967354431,4.709521128879445,3.90586400348853,4.374411989033642,4.042086803959161,4.412398760127887,4.321379912068024,4.396510522488904,3.944129847257934,4.20107104463419,4.157468237269261,3.8088161409995664,4.022936810662993,4.86464470049657,4.175342764618321,4.0986039119631,3.6008313533312895,3.1429110070081676,3.6038867599506923,3.448317421209755,4.5732478454518555,4.786497167082455,5.107062041360175,5.036824586394826
5.959883626543089,6.840994734872331,6.575385329811497,6.9707220201514195,9.027016456745686,10.412749938280973,5.482127131862588,11.639392858015606,8.641840407077352,7.128364543271044,7.279434528561825,7.983863214133881,6.203237138870179,7.606702596209089,7.0918130320713795,6.548385297106141,5.753060155793757,5.627869992063995,5.240367743675374,5.612878981754215,6.336622287251548,6.670838819478928,5.934513663600349,5.668406786532583,5.009544044559136,5.5607464176259755,5.566485536083724,6.250356687030603,5.362564449914182,6.048259402945845,5.2107875640317864,6.5120163888063205,7.240437467277551,5.824086986370863,6.505126105291352,5.677703905720336,4.618297065802416,5.44083296697283,5.96508523790341,4.93384919783263,4.848586559634918,4.30625169843466,5.056336100445152,4.744675517734909,5.842637615843553,5.841245645361262,4.818941632600566,5.656225583777185,5.593334265056306,5.568751082718585,5.19522099953362,5.08241349161256,5.373507600098236,5.689453105482234,4.739446658467224,5.37372450130984,4.723104665884608,5.668393940482152,5.930912346931585,6.1554937324691545,6.043983649842841,8.06714471433436,6.314904602708476,5.019770308513317,5.738940044949882,5.0433755981106225,5.8606798856935045,5.841570257072068,5.519547315835001,5.581592382596695,5.580567993202133,5.925053638272858,5.0885615481635655,5.3798120627066695,4.944420158191235,5.343798726162423,5.321715635463784,5.431623857241089,5.1658342772157,5.069946037402594,4.8121139007255245,4.814289180538889,6.615621329119439,5.218397162332784,5.970546129531709,4.131755319865092,6.309462423844565,5.22955425814112,5.042171376199691,5.759088585478092
5.14041458787618,7.389749133163488,7.3463524799138655,7.891898667473204,7.250532828347634,6.3072423085452,6.25727161441482,7.100289350327348,7.797367781984483,9.112771795608898,6.304742152281549,6.9170713828479835,5.426042345020385,5.391443434302071,5.550893043762982,4.450781274074472,4.014115688886615,4.699153679112025,3.5549808352632706,3.827721779541898,4.02965377905618,4.3895082997095995,4.038849721415882,4.107941528341257,4.494153398502577,4.168915263088458,4.720263254109631,4.6509707416196475,2.8652521448508708,3.494781059854752,4.282427249758884,6.093128371024214,5.501545755259869,5.069249097289582,5.730809949825651,4.9593743776500965,4.2885822510893306,5.574375076130081,6.025928038176038,6.494107398184042,6.21366801358726,5.436169164508672,5.796636459790435,5.237025887624125,5.05336268462407,5.475530735527452,4.842715992578978,5.017698006872458,4.52777916442604,5.053698352919757,5.145107893984719,5.1633416076808905,5.303126472367577,5.017009002958713,5.308055998646634,4.7883128824795405,4.809923858783967,4.6747252221391635,5.902902733427955,6.0301531451955865,4.870405089017434,6.169035794712492,5.994414553619454,4.86384145287859,5.297307424338623,5.294549192380848,4.989953281784774,5.349219045348985,5.097273624799091,5.2448519621574325,5.070678669450537,5.865917554615627,4.964212164045101,4.649823517246445,4.5985143315705,5.21176328179875,5.158665896143273,4.946205100248547,5.503136614737063,4.915863932622034,3.968558552792383,4.30129131984355,7.060214500853739,4.940242850691991,5.924025721381974,5.310131657199712,5.2484120366589835,5.473221822482546,4.556271529519181,4.936936576303981
9.000896150638411,10.533392899476572,10.57723950393578,10.949234777402145,9.47084729272209,9.756432082110152,6.084093407829649,7.048571150577634,8.5779183845729,10.406532939369024,6.317000666608624,7.4015332443706585,5.004217177263736,5.438482833044475,5.9388731469111375,5.644320248766906,4.636562585382617,4.8852106660565005,5.305286410972593,4.183834644818263,5.139632903163338,4.308616177744689,4.166984869292819,3.6714027283953654,3.5733742207008845,4.288314640442339,4.452749094835322,4.674080682228151,3.8569119981516096,5.262982171643728,3.5659379373858315,4.638670035119696,7.393482525410303,6.288900077763274,6.365429779612136,5.67633088150276,4.6607718497873645,5.300592209060357,6.603726424796328,6.123825374538986,5.873236938756544,5.425759432975947,5.252148817698039,5.1919672944597925,4.890824532021097,4.82364113165771,4.559293452533679,4.675006152782596,4.576515505218889,5.0221493352750475,4.459873967272034,4.534146094569528,3.8666813445859023,4.059930826944617,4.438846020628355,4.25749786551786,5.093263671967301,6.816039454669405,8.061053355081002,6.3327320089601224,5.310382114455775,6.410210605455333,5.972719963552848,5.095950815311717,5.226365186109679,6.402836676580251,5.560106362843108,6.0956230014174855,5.86766710317285,5.536955288450348,5.528169253513123,6.701777239115369,5.909006631673492,5.183325885899754,5.17280329345112,5.290974496637162,5.546710504734765,5.184456507793658,5.208273895756157,3.6639172011918038,5.04157924398653,4.7012374802425105,6.055543780020588,5.357476517469936,6.676113777558314,5.584528463078449,5.159893111594233,5.1787306843599366,3.827031208720598,5.719577065595275
8.69974683166428,7.872725934919416,8.466607702397434,10.330766925923571,8.765871028572441,6.440379015099651,7.83356417381009,10.518376821968713,11.880426765018706,6.785210856995182,7.9978092707432085,8.599242317335365,7.418478604530539,8.297063209814633,7.264187693568888,8.06637319224629,7.492897951571412,7.052746876200373,6.201664053668451,5.788572283950711,6.810846547128509,5.62627124375802,5.745041960895293,5.474681526070892,5.894427837640447,6.378584604256247,6.530287443817947,5.756848953325549,5.792254009074164,6.124885724450427,5.435611681497279,6.1489007394476305,6.349973087712155,5.5250741484566355,6.835831014910771,5.684749787514157,5.163393079363714,6.2180596367374585,5.766568080340097,6.7753050743977346,6.190047802451917,5.525290112781044,4.984470035325557,5.291718844293965,5.022215706031861,5.008399688477439,5.18139452103861,5.1220488703269424,4.8107908641491814,4.758040569804373,5.27968060928077,5.305232854873413,5.434690319668815,5.366813633942207,5.290548230553622,5.232104174884717,5.999784223917909,6.174875276937731,10.47728320322935,5.845635692059138,6.146920832169834,6.631248235925457,5.555807156312889,4.701887427661084,5.159231301603863,4.155794861628648,4.7488614311038635,4.7854299881813835,3.9198404463214427,5.058548538802928,5.206868285687317,4.988012001154517,4.746739228583894,6.138972676666646,5.581501598442081,5.862940671171266,5.540474443013228,5.278217308040072,4.333808261437223,4.744674725395417,4.879670469535946,4.994658467500283,5.223265758556764,4.099038751050638,5.505271560888855,6.326420748908144,5.065432153304782,5.184114133527707,5.002582871306854,5.2567861359196195
7.3021304052899,8.027049645411799,7.0624394501875924,5.739559816297517,13.130990972469524,9.879732000383086,6.5581369302778105,7.799033695199586,10.265640424680166,7.717235749374264,8.688986857686052,5.082437303938685,5.21121387899093,6.29614043787022,4.562421722771497,5.779152795087552,4.315957203475336,4.271700958029935,4.455703912833861,4.774935502242118,5.509267897218982,5.449097449299465,4.818940843036466,4.811115271433525,4.559614758732422,3.9636391847120023,4.46916721555642,4.347803681521213,4.7476046274627235,4.6448905428189695,4.833791424755009,6.900002328660861,5.602205386598642,4.2506972398293135,5.570330404602566,5.476281331350293,4.557895759730289,5.738045374099433,5.972502260475814,4.2524690382938815,4.823148739628039,5.454196504141877,6.0897641887659075,5.0835235328564465,4.87313793943433,4.7922781502409135,5.037400662276934,4.917306803788366,3.79020871304367,4.651840884311777,4.383918866426652,3.8588782051966852,4.726365214737007,4.667253795646723,4.914907999427423,4.224429911024081,4.611828122921086,7.075939684198836,6.891668907164489,6.228580232183965,6.337402042900794,6.874219615894383,5.185531185911144,4.832242795325667,4.985727872667177,5.185725973287201,6.033230235178437,5.451687243755173,4.507340129939226,4.622096195523875,4.9665116506467735,5.364988850082976,4.595349627508319,4.93578973486306,4.707384355700332,4.528036917794624,4.064230669915863,4.4081215682664405,3.7262330740618377,4.544466195547969,5.578093914365404,5.215915188417952,7.413296466754051,5.447242624566812,7.804831689861408,5.683669214487447,4.0750012063064736,4.49148447865116,5.227554200233783,5.323747028672792
5.10549032073961,7.862772308994835,8.41909807163596,9.12275038822947,8.626773457258643,6.808010863744227,7.532272817551902,7.794759637926617,8.4494747318788,8.014671230837813,8.269984181947317,7.818013762254289,5.540993977509494,6.395003423589885,5.221078712566629,4.891060894290377,4.628156327800558,5.263887010059542,4.49209881814716,4.04038680278308,4.743438325013082,5.076196614405764,5.1048331111087135,4.612878123989348,4.820167557918637,5.085717794725852,4.967702830227236,4.746234358610374,4.844354556335759,5.0797283542554315,5.575816444011346,5.954171926068345,6.436990502801174,5.374347475708526,9.009647032400123,4.717814361511726,3.4761135074214624,4.510267465454102,5.446154651860636,4.945967247864338,4.698534524582047,4.494568223600475,4.468668560831547,4.577412389124149,4.622431341053175,5.050044112253882,4.427199400731882,4.698788074664873,4.564983041277016,4.771682627941601,4.412614703824407,4.075337001758479,4.49110011373735,4.457897685109916,4.219310623977556,4.599288057191859,5.2927245854076075,6.2046446191441005,6.066110585190383,6.088480939354014,5.612179680678101,5.531039320491028,5.254641453937689,3.994511251016887,5.729016938548816,5.9568207873813295,6.085132908068164,6.435044076419445,6.762366944984868,6.343501826947933,6.003830617808159,6.008037178784259,5.740115113747346,5.650064684485958,5.19447039712367,5.25419017016192,5.487170227283422,5.337125471601791,5.156776733656533,4.681359623303714,4.751181435845993,4.95496783778722,6.150325447202408,5.181316467912145,5.929251834500971,4.179384177866578,5.439128180204832,5.938339200396935,4.732442867308731,5.748768843990974
8.482013168472834,9.700241322594973,10.774748566929373,7.378212623646548,11.554384630243641,8.820522721566842,7.022249870775288,11.256229581837808,9.185301915780572,6.5677513088629205,6.259596072652587,8.230035349409865,6.36427546422945,7.964339437071952,7.1473996092124885,6.170591272563134,5.410896498985454,6.668363354614184,6.138090108950409,4.402669627347658,3.970054978584796,5.29250130126688,5.070107430131826,4.351526477657845,4.229080735265651,4.372494845247111,4.719933452733713,5.091999464699271,4.367191981524521,5.923245905459651,5.070530098431317,5.483190699335334,7.041515404317324,5.2527919426879714,7.335802372153398,5.704286034009187,6.176079555084299,5.064418622135336,5.820534171159264,5.7699653761678436,4.871470337274186,4.998621046293512,4.589180209430343,4.515000576399988,4.947109097868949,5.005007968115055,4.400871609593125,4.354926535824597,4.856360552981952,4.768322702299856,4.646110053160922,4.575466031203539,4.261680977138597,4.496634963794691,4.844421111296975,5.059330675153739,4.340726821931706,6.862851117054603,6.57670150333325,5.301569299028993,5.698509091794676,7.350726128487348,4.975580921954868,5.0277850506238,4.884895758563499,4.530966758448884,5.282540861801866,4.90196135970094,4.423968372732458,4.6807341557543465,4.531793291549467,4.1006210091443895,3.870412583799649,4.491695817185538,4.646516478067013,4.4128193989973985,4.85962192158374,4.982421061925714,5.010556870269817,4.895372490004755,4.755806590980552,4.352565053710797,6.426139033090533,5.043138869072014,6.474427680182956,4.512853591871174,4.456502887600516,5.634041577679608,5.37033374872555,4.466681410541658
6.9109879341203895,7.912417884606405,8.941318149026527,8.622249000522855,8.978520510871089,7.370283154246489,7.124109278365236,11.5010093542803,8.197558382511614,7.172879475108875,10.594526666375026,6.485460914732582,6.959794227324682,7.78223708991932,7.489089191367732,6.159921432935355,7.140800746863756,5.092767054039388,4.967664079488622,4.974306597487259,4.95728172913205,4.947279460268938,5.203968119514442,5.025444269212294,5.213100071426454,5.543230652936315,5.608255662819836,6.275835825652727,5.040402239059451,5.096249058488168,6.038172516006315,6.454016598680774,5.672567150283991,6.41481759239776,7.654084095108826,5.945422989933999,5.903408970429484,6.634864276349288,5.54254389289833,3.9374898519170682,3.8411669255184333,4.110542400059447,3.3843629363100862,3.715221242396739,3.8273061113129407,3.8748431119059306,4.185791501756082,4.873413044433471,5.261192552058749,5.318754786587785,5.273173031691173,5.1868288571263905,4.893400981322688,4.220073512982489,5.17010925183006,6.672978173727017,5.254480659480802,7.268718739161842,8.16626400816711,5.74520194728358,6.481739922321751,6.697005857546852,7.631613155136978,4.828775610281169,4.811368385508232,5.691317966979617,3.2519273821398644,3.535111167198108,3.4545736249458767,3.6634454707067943,3.8086926076562424,4.6962343567964,3.8487722950592116,4.551242265794539,4.559639343729185,5.053456809506009,4.893751404850314,4.984161525083986,4.9891040204580435,4.55798304552259,5.44530046429038,6.122943854804235,8.040051986940064,6.079130374406547,7.656942669568866,6.414154571385255,5.49546678917559,5.9827810110823485,5.740377013972517,6.5089760468554045
5.653804204830355,8.36272793869698,6.590079037445567,8.239759712507833,14.582839478623255,8.353507304238011,8.674257098448198,7.995282471719931,6.7247107775733665,5.081603454529439,4.477186439556054,4.29429190217628,4.061485479438388,5.65859364197573,5.670446458120465,5.906679754915172,5.556862219164443,3.9117614464893387,5.664738684351388,6.2259212045958945,5.182522793943682,6.0389794764635925,4.877856377886715,4.633752443467979,4.325345083684378,4.285932701178784,4.290346648370937,5.141395874937283,4.610309284746033,5.090884645955485,3.596830616144302,4.739203838624749,3.633381415711362,3.881277575168028,5.11439634310947,4.562575121328051,4.275384385098669,4.2414613391730605,5.287316655014673,3.9457930669135663,3.841269960617529,4.205291911884878,4.011541537586116,4.157204178033439,4.54452612178808,4.488373536702873,4.5437980028643326,4.223820582252597,4.679226310158772,4.6126402813854055,4.371494051035686,4.239005527145845,3.5673876675752614,3.6187800440116287,4.465478529421549,5.015353483408059,4.416480053296691,6.704435583905304,4.949139234514802,4.7045059428773675,3.5874869359454826,5.969720342367338,6.410499204758133,5.102356326538362,4.4152500510684165,4.565916224748564,4.611614286075408,4.232134839355627,4.157540191857717,4.471281813937998,4.542300415619483,5.109463536282951,4.836061682971533,4.99755791554916,4.731583305374984,5.026872313901822,4.975953493093708,4.591164359704823,4.332398181896077,4.367637733607482,4.694865677864285,4.14360941179813,4.835830465351896,3.8246766584633964,6.529575972741324,4.7607696515121765,4.4736274146460735,4.21392681347171,5.035860652920468,4.696543273366239
5.931133488897157,6.057269846228518,5.930155963337156,6.697312906531576,5.8890789655417635,6.433247156003514,6.623201878989346,7.810426754106012,7.514990974204352,7.50054457343987,8.353980748200653,7.949359505751544,6.0054265138137,6.197516842421101,6.851764647020158,7.116134338214054,7.05389976910335,7.33983910115064,6.039436546469298,6.874986180604964,4.4903631344661195,6.001146867943892,5.517671154531964,3.860763210287977,4.854886413800912,5.4492130023666965,4.243325131735831,4.965366348436789,4.514190196780603,4.462672712037173,5.522113590398665,5.254157277467242,7.226607267787234,5.656151220400807,7.082925438008291,5.36919423288158,4.874178172731876,4.562734397312176,5.693038551680303,5.356724233963482,5.417234256629013,5.10470973374849,5.14799478666928,5.445567873768444,4.88990897790093,5.628914583269185,5.0610579137091625,5.644124174532313,4.928130821429913,4.79130759581062,5.130992391933608,4.527721933234728,4.692985052916451,4.927697533272341,4.474458250155078,5.552632204533009,5.256063048394023,5.701371508421275,8.086172683423065,7.145287720777375,6.2176046508151375,6.2994342250705655,5.522784683839602,3.4407901391591884,3.9006170473482342,4.410189984270741,5.251037493771059,5.144616767402899,5.439441869383266,5.553973527672231,5.911270376695484,5.966795443871894,5.1552652634743925,5.923143824327305,5.7419530982466895,5.547751760434916,5.54429371804354,5.159780715676463,4.667136812488361,4.953538608287953,4.496859631115387,4.492044486702478,5.734657099805459,5.196133802028377,5.634394442752023,5.166443025261693,5.064098270827571,5.946828277178676,3.9790465481162425,5.8636381298448645
6.609313859020783,6.454466968233196,5.861349876631027,6.160298994591326,7.029083568733673,7.504404094937345,8.912432892837602,11.670290084568727,13.01143717864979,8.185244526015019,7.757296531553759,7.582847851592221,8.059115303273627,6.926754179240517,5.950900524517458,7.072582905446925,8.72448790233304,6.514427090282908,6.237594298147363,6.096174946305202,5.8541328972574656,7.18981411925519,4.747126022121255,3.8136336394566737,4.303823517473467,4.544095069229709,4.6074707830650565,3.794054922130094,4.302447528874252,5.354941942544087,4.781793742782372,4.677265211585069,5.901383624608971,5.822124066974176,6.1144741857867615,4.9577087189120315,6.16716914502958,4.645407048446269,6.138426948869582,5.533325471812492,5.0980817429848075,3.904830969007037,4.4078682254908275,4.079318886927182,4.510464693446772,5.148538581892662,4.245941827965606,5.03631530480455,4.973957724446427,4.922557401508976,4.9410303185976,4.761448147646594,4.940933529600503,5.06703534338999,5.060086936613321,4.843544968984187,5.524610822527074,7.392628134513718,7.711589093167387,7.436218101869695,5.336141114908173,7.881198783054671,5.9112523359406355,5.95557718417123,5.7611092894317295,5.605802722138524,5.725324742082624,5.322671606579047,5.608768679936541,5.491751575589338,5.524179287146219,5.9235047936578065,5.6208965930483314,5.261122427045798,5.289644651786968,5.635367716884708,5.530349148975932,5.045106248858708,5.484145129614672,5.509229993192392,4.914942268273895,5.486949816346389,7.487226381851651,5.085235649955426,5.726038224631547,5.572375028968558,5.576290989160782,5.325020746409547,4.550213618357733,5.279200918545443
6.201180602934168,8.634271716023662,6.736230639862938,6.246363135884072,6.167868778913582,6.310237714252768,6.491370865178795,9.652687640118176,8.143350375741266,8.5597395606241,6.8195185636329825,7.933560672649843,6.264903815466963,4.9008713872710095,5.0560925119931035,6.279093041716135,6.743621185543273,5.763780554275919,4.953104072207236,5.470223852482426,5.827823979008393,6.913515635902549,5.653878420568212,5.478116226962771,5.024875852610108,5.371377211365661,5.5379253480890585,4.409840599587639,4.596198579730036,5.791709737672754,3.890712398870827,5.195548185211371,10.033234907570334,6.339480099898953,5.811430842514411,4.6507287928466825,5.433358370670743,5.520190633483729,5.5827816843331695,4.835458194973408,5.088289723538505,5.569127723597923,6.053033097171145,5.1924391876955625,5.84722582947266,5.963217133277529,5.144677205466693,5.216208646493709,4.50681862776598,5.4583917435862945,4.957661331358858,4.911824520179182,4.881830453792386,4.754404601957032,3.300471141584031,5.3145963186993965,4.918112138775162,6.947244570065979,5.909862921143074,6.26519914889191,5.399140650935173,7.646152006554371,6.6649229218593,4.828768800589337,4.2728268918208405,4.3145249808327435,5.493138149077644,5.898732434908594,5.774448349322147,5.474201336224399,5.659779569583453,5.606944823446153,5.301520532803141,5.996480137142849,5.296780407159104,5.367786739852973,5.416060621589504,4.614158524568904,4.113264051828598,4.270119506658439,5.491708245863644,4.740395678384982,6.57845249782952,4.861034009510176,6.542175857951572,4.846888292635703,6.014418660372776,5.790234270901781,5.617046748082756,5.844000541021363
6.422266023564885,7.136426463969248,7.177304224113596,7.299788040120816,7.135170073239166,6.955721534688128,5.725647945509974,10.414072852136796,9.42010961491934,7.5155877264766575,7.445040288567863,6.651282406954674,4.933708825920245,5.324725709572697,5.98663308223852,7.328821649984339,6.645991758059638,5.952346567912723,6.153679345486711,6.816148511632831,6.373583834402328,6.823987936862693,6.004078332471092,5.513127566989713,5.414362634739752,5.545743522634768,5.6551305860262575,5.766066427371865,6.105479867565123,5.7116403628654595,5.000045212007689,6.535440700351889,7.105063981290587,5.2723955036392995,10.177329493505908,4.620439703419215,4.170940076834339,5.3157977838548645,6.288733071708575,5.959331766524904,6.043556158194074,6.485854951733683,6.013575265573659,6.011151613370065,6.343607174217002,5.4900320274477865,5.151897330427794,5.03163253927985,4.53673951798087,5.361963554151285,4.887130882709325,5.082832113811591,5.323690177459681,5.5001833715932555,4.519817659945156,5.432880800325187,4.463363881722119,6.0600613395499385,5.8762569117420815,6.951814652515828,6.1309262319177575,6.253426212787624,6.859224686389523,4.929180209585405,5.807946254556167,4.889925860380921,6.014655761287119,5.6883979187405975,5.677793679451656,5.75109405609768,5.347805032810901,5.9588288265257106,4.89733678605547,5.671639463285513,5.5909211059986985,5.862432429383248,5.590908911445628,5.118820290346439,5.759372197750437,4.327894866076162,3.9419535149798346,3.9410987168003104,5.807003099285873,4.209994945484236,6.454268968872036,4.778549292045003,4.921838110201596,3.598544818112272,4.412129299365843,6.180519311406457
8.149540195917318,5.476250217209596,6.740788079594783,4.141201074121404,5.130837205797406,4.805689968067074,5.45358473996932,7.832830060776243,5.5565262684977235,6.476257471763732,5.356422543031761,6.945013732517462,5.636274220759546,5.147180085782096,5.985462128192485,5.8570544176464,6.020035769600341,6.471591504934747,5.413959155942578,6.027726250950955,6.338692605713611,5.960702354765297,4.907674755564561,5.47630100182763,5.441543630320002,5.360774428964905,5.394853848535991,5.103413409811225,5.033084146879084,4.652646902109378,4.2018555336261985,4.082552080774451,4.969291361836247,3.685562822382858,6.954857689343403,4.586836614539529,4.488216403232387,5.250337681196407,5.754616029343372,5.012649863416114,5.6053604098281395,4.540229305862322,4.794283740421227,4.564543946129459,4.485731451689221,5.464454392787066,5.054045583649171,4.92537483960085,4.490324481224608,5.281839808581651,4.146656857423854,4.249307828574847,4.358414175170379,4.510020894884821,3.9184812257358534,4.160376979484335,4.258747903342262,4.923239267670343,7.1717769715094235,4.2484572819813495,3.328994114963214,5.3709391028332965,4.608358486481964,5.280198432368839,4.8219271573787745,4.8742995998182606,4.916334745259645,5.342748297790025,4.5991896417701605,4.907642604021562,4.999802323716435,5.143918438473455,4.883152525992983,5.251649458715967,4.923672430314997,4.930136092125408,5.084010513905294,4.972297309726393,5.16973578242049,4.613131214844316,4.022920124258499,4.296409246726509,5.166086742215904,3.320932545094623,6.965817987202629,4.156022221690886,3.7716579695437122,4.748740556163779,4.5099191382296295,4.884200360290843
