0,1,2,3,4,5,6,7,8,9,10,11,12,13,14,15,16,17,18,19,20,21,22,23,24,25,26,27,28,29,30,31,32,33,34,35,36,37,38,39,40,41,42,43,44,45,46,47,48,49,50,51,52,53,54,55,56,57,58,59,60,61,62,63,64,65,66,67,68,69,70,71,72,73,74,75,76,77,78,79,80,81,82,83,84,85,86,87,88,89,90,91,92,93,94,95,96,97,98,99
75.17032098334646,42.4208236558334,28.704744780878382,25.54207261083857,12.727382963425846,18.8690412655724,9.568818831196417,12.19732847951796,6.749089400248691,14.031409616212182,8.24174847832044,17.39453993675534,7.244976143528214,15.031345641322144,5.619035577818025,17.007007475863805,3.7765893539985105,15.514334004393152,8.44146990802193,15.51160293573489,6.013096463163128,16.97025005143218,8.040977472900956,13.675939813288807,9.669554920324808,10.42499919479427,6.733753681182861,19.661484819442105,7.832984498175493,18.525711683949925,8.08821964263916,14.052302516899536,12.99979305267334,22.451313018798828,9.645850962128778,20.421424865722656,12.655329704284668,21.060165405273438,10.497507095336914,18.02092742919922,12.024625778198242,20.456737518310547,9.963808059692383,20.09109878540039,12.488058090209961,15.45687198638916,13.576058387756348,20.22515869140625,12.2944974899292,19.65651512145996,8.912939071655273,14.505990982055664,10.076055526733398,18.332551956176758,10.273585319519043,21.020448684692383,9.605937004089355,14.776612281799316,12.599395751953125,20.795690536499023,9.704154014587402,19.338411331176758,13.616837501525879,19.17043685913086,10.567508697509766,18.862873077392578,8.465038299560547,17.575523376464844,9.397354125976562,22.392261505126953,8.460195541381836,16.82408905029297,9.486021041870117,20.88163185119629,9.164413452148438,17.11737060546875,8.828971862792969,15.308111190795898,9.363248825073242,19.03478240966797,12.60128116607666,20.449127197265625,8.925101280212402,13.92858600616455,7.353857517242432,17.157672882080078,9.21858024597168,19.91529083251953,9.442770957946777,17.394853591918945,9.638386726379395,17.72370147705078,10.764229774475098,17.465173721313477,9.559357643127441,15.24293327331543,12.407567977905273,21.918827056884766,13.153429985046387,20.914371490478516
97.50017629834646,54.61166964975757,32.570624434505184,35.364437590841774,21.07248037272804,23.85498593238706,12.099702569849025,19.242407755507955,7.422552742275035,15.497536131458597,9.50563375892727,11.689223212462226,7.027126836334496,12.64985704747456,7.434211955892548,12.57575003596821,6.451585344778657,13.329350807379472,6.116707145289296,14.699785778498224,7.167442077946086,16.39209253487008,8.769718100851016,14.15507947794222,6.158797919520464,16.63973114531243,9.681301640816173,16.66828317854907,6.83382488098956,16.044569695838895,7.001485824584961,14.628691673278809,11.613545417785645,16.87708854675293,12.286736813430426,17.51154327392578,12.965903282165527,18.216575622558594,8.406559944152832,19.400423049926758,13.084742546081543,23.871145248413086,12.235210418701172,20.08407974243164,8.850980758666992,22.862459182739258,10.314129829406738,20.300514221191406,7.363159656524658,16.213088989257812,9.240577697753906,17.981250762939453,9.332260131835938,19.403968811035156,9.1357421875,16.525341033935547,11.232037544250488,22.87867546081543,10.755666732788086,18.238649368286133,9.613478660583496,16.725738525390625,11.878403663635254,19.155437469482422,11.462813377380371,21.83736228942871,11.437688827514648,19.90917205810547,10.842916488647461,16.906511306762695,9.29133415222168,22.768169403076172,9.585982322692871,22.337308883666992,8.705028533935547,15.56689739227295,11.660529136657715,18.375776290893555,12.724493026733398,22.90121078491211,12.73935317993164,19.995389938354492,8.5667085647583,15.81532096862793,10.2568998336792,23.659738540649414,9.81099796295166,12.368660926818848,9.042713165283203,14.977015495300293,7.2971086502075195,19.054275512695312,10.506621360778809,18.400524139404297,9.4793701171875,13.809561729431152,11.66369915008545,25.650514602661133,11.018840789794922,19.267379760742188
70.39388583371587,59.717226488529924,32.38536117648871,26.362587484003335,17.802630248680295,17.3978264886193,9.151564655953905,16.647739385165423,10.249258909301126,17.003824266273348,8.888672198700224,15.210700297454848,6.705103731251768,14.65973749728885,6.843588131303242,17.523470914684122,9.90916991322863,15.249703054986316,7.367423901469145,16.775676335714365,8.113698689610647,18.668991542373895,7.67435223862834,16.636841385064244,8.70991823959103,18.530914287513024,5.985907776930662,16.968777212666712,8.120916366577148,21.10212516784668,9.764349937438965,18.101459503173828,12.370911329984516,21.13048843962074,11.7439603805542,18.282498520384824,13.200943946838379,21.606162053412003,8.967350006103516,22.398160934448242,10.295000076293945,22.832548925167135,11.566158294677734,14.38378620147705,12.309142112731934,26.157222747802734,10.028067588806152,16.64993667602539,13.69477367401123,24.215839385986328,13.449270248413086,16.428194046020508,9.126664161682129,19.654293060302734,12.217501640319824,15.588752746582031,12.750697135925293,21.88239288330078,11.391752243041992,20.956939697265625,14.596295356750488,21.88279914855957,11.380559921264648,20.894676208496094,10.504236221313477,13.565114974975586,8.984539031982422,20.031993865966797,12.01616382598877,18.85393714904785,9.556854248046875,18.168670654296875,9.910659790039062,22.038021087646484,9.3594331741333,15.132863998413086,11.04377555847168,22.8007755279541,13.005914688110352,15.392370223999023,10.282439231872559,18.232826232910156,15.834178924560547,21.367687225341797,9.988239288330078,20.186115264892578,10.414417266845703,18.15118408203125,8.55429458618164,18.53804588317871,11.495356559753418,18.910520553588867,10.441323280334473,16.770837783813477,9.983484268188477,15.67137336730957,8.528389930725098,18.452136993408203,7.6177449226379395,17.56920623779297
86.65030206788343,43.0344264025827,30.65754287006351,25.449482124502186,15.303784308755814,15.934119427480564,6.890303470045277,13.19408942242441,5.037948481305119,12.219156448667807,6.763253477429039,17.247465535125755,8.070375463208604,9.733536370356495,6.366107437834987,15.57484123193523,7.513086601716514,15.213299660904294,6.196582018144914,18.829476522079613,5.063112968787515,12.334944119906934,7.12469386928005,15.55077426180939,8.058897520221729,15.608208108522728,9.404627130883354,16.927013397216797,13.232682228088379,16.333997187107226,12.939166069030762,18.87038803100586,14.202863693237305,20.978116989135742,8.209315299987793,20.834556579589844,11.508148193359375,19.102575302124023,13.657926559448242,23.827037811279297,8.65654182434082,15.908421516418457,10.667875289916992,16.828575134277344,12.396351088098669,20.75472640991211,11.505908966064453,14.323320388793945,6.234493255615234,15.335282078638649,9.291500091552734,16.411386489868164,12.08475112915039,19.293628692626953,10.482962608337402,19.475234985351562,8.849489212036133,15.852548599243164,10.069971084594727,20.375844955444336,9.213761329650879,16.040420532226562,6.313301086425781,14.341529846191406,10.710268020629883,17.891353607177734,10.730586051940918,19.846193313598633,9.405097007751465,16.76222038269043,7.31293249130249,19.106523513793945,9.052718162536621,18.7717342376709,9.612716674804688,12.825356483459473,11.596997261047363,20.821762084960938,12.298852920532227,20.077964782714844,14.29294490814209,16.01146697998047,9.960633277893066,17.735492706298828,11.091326713562012,25.075082778930664,11.116961479187012,19.726163864135742,10.630782127380371,18.95479965209961,9.057206153869629,20.892778396606445,10.244926452636719,17.096281051635742,8.460283279418945,12.537206649780273,12.352548599243164,22.099796295166016,12.37121868133545,17.862348556518555
92.37114239631522,77.65963772120881,40.98605892178925,30.50300431985799,20.74647738634871,21.080163552944853,11.345011408322762,17.192513340969114,10.420304875156202,19.836656050661457,8.43640456623831,15.394746134188106,6.95406567320019,13.350489446079221,7.807776155243003,19.774450806155617,8.810862690850387,14.262203285290141,9.34786270236856,14.42969681558217,8.246661075597416,13.677383592272296,9.093813052257953,17.90075573927935,6.373683581442116,19.966257095336914,9.460857317912604,15.895859718322754,11.165653176574855,22.121545369124114,11.359224319458008,20.979376996549984,9.70066832218833,24.517410800531174,8.554509162902832,17.420642852783203,7.3205246925354,20.03352928161621,8.372940063476562,17.302650451660156,7.919740676879883,18.68792724609375,9.386665344238281,10.604299545288086,10.920075416564941,21.881633758544922,6.364256858825684,19.49065399169922,9.297465324401855,17.666778564453125,11.95732307434082,18.337482452392578,12.72415828704834,24.64813804626465,10.181305885314941,14.993451118469238,8.132903099060059,18.736162185668945,7.744687557220459,15.932303428649902,8.979777336120605,15.148294448852539,10.800558090209961,18.449359893798828,12.02338981628418,19.286884307861328,10.150469779968262,20.150297164916992,9.156805038452148,20.670541763305664,9.711899757385254,16.920177459716797,7.030437469482422,21.111797332763672,9.425896644592285,20.628671646118164,10.091992378234863,19.641040802001953,8.103132247924805,19.357009887695312,10.378732681274414,21.36528778076172,11.24998950958252,16.481393814086914,9.623626708984375,21.51280975341797,7.789284706115723,14.755059242248535,12.401649475097656,18.07915687561035,8.675288200378418,13.536762237548828,10.98577880859375,25.37137794494629,7.9651665687561035,15.866965293884277,8.301901817321777,20.173965454101562,8.027612686157227,18.407794952392578
88.38319628459598,80.20602492439475,32.67160453004189,28.24776582621397,18.570839839067506,20.493204995794045,11.174247609626189,15.851405552920934,8.683163254825493,15.29935871307034,10.087135097988364,17.087068309523218,6.761900163821762,17.17456550043544,8.329471337133127,17.983225534616174,10.954455046650024,17.96910936655134,10.081736160416808,13.989392516918233,7.119271984322587,15.864042055977224,7.6640781083573986,19.20985150748077,7.376957117887484,17.231984438141065,8.775908209099583,17.204213051716,12.881167598846812,14.37525253759736,12.101890563964844,17.80511718065464,8.321534156799316,15.22399636223604,10.78302001953125,19.579917907714844,9.608455657958984,19.603286743164062,10.74229621887207,15.434404373168945,11.377038955688477,19.94202423095703,8.357291221618652,12.97442626953125,9.649981498718262,23.69339942932129,10.010371208190918,16.92727279663086,8.93476676940918,17.192094802856445,12.036686897277832,17.19666862487793,13.427597045898438,21.848953247070312,13.508906364440918,17.647249221801758,10.460652351379395,17.723167419433594,10.309185028076172,18.903240203857422,11.29448127746582,18.593233108520508,11.204031944274902,19.42633056640625,12.762579917907715,22.931472778320312,14.43576431274414,23.33415412902832,13.868925094604492,20.94572639465332,13.057246208190918,20.6815185546875,13.485201835632324,17.80965805053711,10.452391624450684,15.348546028137207,8.250285148620605,19.148027420043945,9.541817665100098,18.600648880004883,9.307609558105469,19.11324119567871,10.686583518981934,21.778003692626953,11.785212516784668,17.28104591369629,9.64563274383545,17.413970947265625,9.151294708251953,17.55157470703125,7.916719436645508,18.43146514892578,9.964254379272461,18.190340042114258,12.514440536499023,19.421293258666992,13.675715446472168,19.810123443603516,12.066818237304688,14.600626945495605
101.36174479436808,44.46673510768242,26.897110177342242,21.19577322762637,13.031787209656068,20.874498229345694,12.84360730038477,18.87770374033917,9.87901610307036,16.154109142817756,9.007541458308713,16.761190372262018,7.144846666159083,16.333180627005877,5.683294242677067,13.400455808739126,5.712640457826624,16.061158964125816,8.282815783767793,18.44043059780683,6.647455798195537,16.679959359400293,9.544941430514845,17.51593908016058,12.489881761313203,16.67585792384801,11.07861544214213,21.616282918419326,10.750111923408085,18.448181141876844,12.155739784240723,14.357131958007812,9.025578498840332,20.79670524597168,10.5357666015625,16.716529846191406,10.79269790649414,19.031335830688477,12.071972846984863,16.89940643310547,7.752310752868652,16.844161987304688,8.690605163574219,14.494606018066406,14.740091323852539,14.383016586303711,13.176944732666016,20.26271629333496,11.818985939025879,18.994035720825195,8.628264427185059,18.298147201538086,13.424774169921875,14.687883377075195,11.507746696472168,15.312132835388184,9.333443641662598,22.395002365112305,9.374916076660156,17.965280532836914,8.698603630065918,21.901226043701172,9.618809700012207,16.711559295654297,8.535552978515625,22.151554107666016,9.603370666503906,16.399703979492188,9.523545265197754,17.98621940612793,10.42712116241455,12.957441329956055,12.158035278320312,18.065364837646484,13.86327075958252,18.252182006835938,11.890677452087402,15.904694557189941,6.948980808258057,17.585655212402344,8.515771865844727,22.911602020263672,9.851526260375977,18.696475982666016,12.0350341796875,22.259817123413086,11.514809608459473,19.363962173461914,11.880241394042969,20.454174041748047,10.772248268127441,19.81365394592285,11.696185111999512,18.476295471191406,6.509334564208984,16.072511672973633,7.893420696258545,17.96637535095215,7.2265305519104,16.671552658081055
78.57067883947897,53.7549893329063,35.96246311332615,27.616819651077552,15.095697152296133,11.834045686400435,11.751036882240705,15.865943928248452,7.563936049481477,17.487022828746948,4.547281318735723,13.783358151656348,7.257770765088989,15.203105715782549,7.713876836571765,20.509718716804258,11.227252012271595,16.74548347447262,8.54801119053093,15.510345026590503,6.6214925689731166,14.823169362059925,7.639324578303184,17.787503018560187,6.8387143280931175,16.51462809045457,7.516315245933829,11.410891024768784,9.765812369872554,19.337642669677734,9.24029280614254,13.221061706542969,10.227581977844238,15.86594295501709,9.26150894165039,16.458335876464844,8.623012262677308,19.741243362426758,11.205713816379713,17.25265884399414,10.796911239624023,19.59398651123047,8.800176620483398,13.885340690612793,9.777975082397461,17.985702514648438,8.690838813781738,14.909303665161133,14.055159568786621,23.58439064025879,12.5910005569458,17.973283767700195,14.28352165222168,19.042387008666992,10.17918872833252,15.665776252746582,12.277213096618652,17.097171783447266,13.883767127990723,13.693106651306152,9.553482055664062,19.099346160888672,8.318195343017578,13.820079803466797,11.270017623901367,21.42123031616211,8.430366516113281,19.433116912841797,13.32763671875,24.385059356689453,15.877843856811523,19.14043617248535,10.511691093444824,20.963117599487305,7.764998435974121,18.718212127685547,9.544550895690918,14.952790260314941,6.584980010986328,13.935790061950684,10.843714714050293,16.772472381591797,9.79580020904541,10.264026641845703,8.900240898132324,19.203657150268555,9.892979621887207,19.183300018310547,9.500394821166992,16.49106788635254,10.943437576293945,14.079584121704102,10.13154411315918,19.378528594970703,8.627368927001953,17.313880920410156,7.534314155578613,15.971746444702148,6.515098571777344,20.995399475097656
96.12702086972409,66.99357002818687,37.034363495002765,34.43373216486581,15.737336857738558,16.56878683003184,10.507658001588865,15.498119088114061,9.289714109391097,8.748408912650262,6.20513165827389,13.265013282162617,10.066419001898746,17.231601286249745,9.995671380645339,16.02332153009938,7.224202329814374,15.462522182093782,8.758233013701673,18.03172108395239,9.317730092321758,16.287922054352606,11.248045884701488,17.315524659044446,9.682302779187152,17.454542745240634,12.724216527529727,26.189590851553497,10.632249738014666,21.14079885973797,11.47253704071045,15.095293045043945,13.992980003356934,26.45782470703125,12.074889183044434,17.922548294067383,7.282600402832031,13.168407440185547,7.686213493347168,15.478049278259277,8.047063827514648,16.892406463623047,11.221458435058594,22.278249740600586,13.26814079284668,25.06087875366211,11.114103317260742,22.39834976196289,7.967331886291504,18.778806686401367,11.22681713104248,15.842305183410645,7.330745697021484,19.54218101501465,13.627446174621582,21.656301498413086,12.724702835083008,22.437240600585938,12.171217918395996,17.27877426147461,9.032852172851562,20.533061981201172,14.138128280639648,25.045942306518555,13.73557186126709,27.499168395996094,13.129656791687012,16.024465560913086,12.766114234924316,20.209068298339844,13.3353910446167,25.269697189331055,11.623469352722168,21.117385864257812,13.29865550994873,17.24740982055664,14.598363876342773,13.922876358032227,9.927836418151855,20.243270874023438,9.304862022399902,20.245338439941406,12.215123176574707,18.331100463867188,14.142868041992188,19.869779586791992,12.625489234924316,14.395979881286621,16.684465408325195,24.45738983154297,10.722612380981445,20.08970832824707,9.68946647644043,14.464543342590332,11.465792655944824,22.139497756958008,10.448427200317383,21.822233200073242,9.67599868774414,15.51170539855957
89.4734761336212,53.73070938445424,17.153803395047728,23.024651685568603,16.284202637886228,20.178239263719465,13.457360640000493,18.044212264130316,10.650197051180044,17.475425874678916,7.92884577043479,17.6371065584368,6.482296897269042,17.54511660101913,8.566980730185609,16.043603334603787,7.327922101072971,12.68274372061129,5.074714932243208,15.539011401004776,7.938808674518073,14.13665284597376,8.441732260229768,17.23758309347082,7.430147094799769,19.706397732125016,11.83423011947593,13.150166511535645,11.651256226754246,18.248708724975586,9.242757797241211,20.08399654828083,14.538376808166504,18.439624181084678,11.490948677062988,20.418378829956055,10.273117065429688,21.879100799560547,11.23185920715332,14.116867065429688,12.482168197631836,21.68547248840332,8.671455383300781,18.056013107299805,7.494527816772461,17.723318099975586,9.789933204650879,20.66379165649414,8.657305717468262,17.20696449279785,9.2451810836792,18.104843139648438,11.239316940307617,19.70285415649414,9.0252103805542,17.52109146118164,11.649871826171875,18.406787872314453,9.578088760375977,18.036300659179688,13.397480010986328,19.549732208251953,8.80919361114502,20.204696655273438,8.108405113220215,18.90776252746582,10.402427673339844,16.67962074279785,10.571493148803711,20.043304443359375,9.475610733032227,19.19359588623047,10.452948570251465,19.86916160583496,13.990203857421875,16.259103775024414,11.447999954223633,19.859956741333008,14.813555717468262,18.460859298706055,14.577106475830078,21.612844467163086,12.977169036865234,16.935874938964844,9.275786399841309,18.31363868713379,10.200045585632324,14.8013334274292,8.007949829101562,18.042240142822266,9.833352088928223,17.70996856689453,8.922164916992188,19.306455612182617,12.450878143310547,17.213659286499023,9.597537994384766,16.131742477416992,12.908038139343262,17.27597999572754
100.84117531203829,61.4666779501324,25.15253809953276,26.93064279353823,15.705441802982177,14.620762289112504,13.57222396581638,20.152896439363122,9.959685068587012,19.368794063303586,10.034289968531114,12.620479001930796,9.446531275838108,13.686009132521296,8.345427928402357,15.054037257027147,5.84503236103722,18.975923570421457,6.41087101112585,14.958461493267711,7.763987208105625,16.744125584259976,6.1050816033198645,15.679902469693667,5.617280491043691,14.785389418493649,7.310132082778743,14.285054206848145,9.858403205871582,17.278660604129744,10.331154397336508,20.162965774536133,8.446087837219238,14.452146530151367,8.853630513044115,20.5504844114784,11.615363121032715,21.03515743591275,10.342523574829102,20.283367156982422,11.410429000854492,15.36499309539795,12.719403266906738,21.109907150268555,11.900707244873047,17.108137130737305,8.791424751281738,17.38179588317871,10.49201488494873,19.864795684814453,9.90749454498291,20.057140350341797,10.199751853942871,20.008901596069336,10.871667861938477,18.067222595214844,11.102741241455078,18.07544708251953,10.950948715209961,18.57166407404041,10.936189507582466,21.47361946105957,8.32610691851173,17.07681655883789,8.558902740478516,15.715925216674805,11.378595320429044,19.305614471435547,7.259440898895264,16.524269104003906,12.288887023925781,19.13884735107422,12.004494667053223,19.676105499267578,11.504471778869629,16.346519470214844,14.232765197753906,20.097776412963867,14.9445161819458,23.499425888061523,11.851582527160645,23.729354858398438,14.423928260803223,22.709604263305664,8.71500301361084,22.32659149169922,10.799235343933105,20.131242752075195,9.774313926696777,19.318706512451172,7.307178974151611,16.07451057434082,8.128366470336914,18.374629974365234,8.887510299682617,20.47224998474121,11.460192680358887,21.923603057861328,12.411659240722656,16.325653076171875
83.77197837193556,56.39336119134583,31.214994025081324,29.195671407269614,16.530904052316124,14.776871819611355,13.60430797140887,15.218857681146616,9.601846252209729,14.34078354386715,10.287691892593125,16.041078128278965,5.952467599227877,12.340471955492454,5.754969773302957,16.508885401779313,6.127004505745805,12.673638728586267,4.883696907241105,14.91769034596508,6.225547387731364,18.21076417709723,4.436451906753315,15.949052052511268,5.941622070755263,11.314078330993652,7.665352895865568,15.248897169578596,13.167167202450283,16.857452392578125,9.052141673744732,19.639232084025956,10.424341201782227,20.668046951293945,9.741605758666992,22.82272720336914,10.554214477539062,24.189878463745117,9.289564866627812,16.68842124938965,10.667200088500977,17.278663635253906,11.519312858581543,17.85605812072754,12.128328323364258,19.977252960205078,11.359414100646973,16.771316528320312,11.539273262023926,18.69970703125,7.364115238189697,17.43271827697754,8.566327095031738,16.715538024902344,7.6087470054626465,21.12726402282715,8.51986026763916,20.215051651000977,9.452744483947754,20.250751495361328,10.85887622833252,20.513273239135742,8.49085807800293,20.225078582763672,10.310985565185547,19.992525100708008,9.469461441040039,15.668394088745117,7.520400524139404,19.153995513916016,9.33265209197998,18.030719757080078,10.521714210510254,25.812335968017578,10.172676086425781,18.781789779663086,7.44148063659668,20.419601440429688,9.342427253723145,12.644490242004395,11.013710975646973,19.585203170776367,10.764366149902344,22.340574264526367,10.671052932739258,22.86829376220703,10.62399959564209,20.709571838378906,8.837455749511719,22.729528427124023,11.222728729248047,20.81852912902832,12.186847686767578,21.738405227661133,10.885893821716309,20.2607364654541,10.295404434204102,17.740488052368164,10.98362922668457,19.006311416625977
90.00179028414622,47.377424782994424,39.640726849695334,30.462540026846366,16.866731938948597,18.495420544088223,11.475582674784597,19.69196753125524,9.463475749457059,16.35469866619242,7.2701738917300345,14.076007186206477,8.117800025873565,17.365989565325222,8.09530080419799,14.155626556641565,8.396296908635774,15.600663421667983,7.847327711815135,11.693471464517062,8.528644844873149,15.965940826187671,9.192306008615303,15.382518430392143,8.167105150849679,17.692272668317717,8.004075718353523,18.115785738534125,6.720126152038574,14.30788026923369,15.84277057647705,24.139085891695697,13.445108413696289,24.060962677001953,10.859197616577148,19.183326721191406,7.689173698425293,24.461484909057617,8.261754989624023,16.204147338867188,9.415791511535645,22.660560607910156,11.147153854370117,18.601531982421875,7.0600266456604,18.761627197265625,10.95734691619873,19.685771942138672,8.661917686462402,23.055450439453125,9.191840171813965,19.688472747802734,11.031487464904785,20.257362365722656,10.818063735961914,17.2265682220459,9.37717342376709,17.448410034179688,9.23033618927002,19.679758071899414,9.003432273864746,17.892356872558594,10.244382858276367,14.860124588012695,13.09267520904541,17.447608947753906,11.519416809082031,21.729995727539062,8.463284492492676,20.299715042114258,11.175827980041504,18.289777755737305,12.841480255126953,20.977678298950195,13.319400787353516,22.049522399902344,13.3569974899292,23.787578582763672,10.066226959228516,17.377674102783203,11.601192474365234,19.41994285583496,7.879446983337402,12.898968696594238,8.09351634979248,21.818716049194336,8.635167121887207,22.70041847229004,12.013894081115723,21.98470115661621,13.29530143737793,18.71894645690918,13.304624557495117,24.855737686157227,9.348799705505371,16.74610137939453,10.421937942504883,21.822046279907227,11.419374465942383,21.983243942260742
95.67487245401209,58.80531551975128,33.872971698679535,34.27525334302637,21.03094102631875,21.49407006456682,12.919061449783444,20.240107806572873,9.530081139522784,14.794424988023092,10.05439035492322,15.051876846045547,15.791137328691601,16.17952282069312,6.751403580763505,14.828144802409883,7.653972392928955,15.941904916608102,8.689186956213566,19.92457995920035,9.870712562324183,17.203616797529943,9.343344954965797,17.508966097224093,7.506330393492175,14.684556650134573,7.076498508453369,16.763376235961914,9.890266521734851,17.65557289123535,9.619733810424805,21.155241012573242,10.751315116882324,20.998523712158203,8.298416137695312,25.094839096069336,11.393274307250977,22.776319310128034,7.068107604980469,17.283370971679688,9.984272003173828,13.526305198669434,10.727370262145996,19.727893829345703,10.333309173583984,17.595468521118164,10.558234214782715,16.330684661865234,12.475076675415039,17.730056762695312,9.44073450682011,18.759403255323427,8.783112525939941,16.878875732421875,10.32495403289795,13.596269607543945,11.479326248168945,18.529756546020508,9.816771507263184,18.440414428710938,11.177294731140137,17.154159545898438,10.502924919128418,8.445072174072266,11.440710067749023,19.928905487060547,8.786420822143555,19.311548233032227,10.772673606872559,26.58969497680664,14.595794677734375,19.613075256347656,11.881922721862793,21.843902587890625,12.911678314208984,22.83165740966797,9.118758201599121,20.327425003051758,9.096964836120605,14.749756813049316,9.673727989196777,15.983948707580566,9.9186372756958,16.166540145874023,10.110954284667969,21.94744873046875,6.923159122467041,18.6213321685791,11.518454551696777,21.36214828491211,10.361523628234863,14.823002815246582,9.460723876953125,24.271724700927734,13.089213371276855,16.519588470458984,8.712137222290039,17.665014266967773,8.346551895141602,11.584760665893555
60.04744432697742,54.27115335693593,23.413996224081494,24.615355485362773,15.07644634692518,16.10337518137577,11.767106294792372,15.926973288316002,11.115930658748017,13.342222773421176,7.466496399116739,9.57687456568855,8.225698874310098,18.62307128356627,9.75050595048386,17.309056902753355,9.18361239443563,13.72333528043328,8.779614550460087,17.460190995077728,8.814632382970991,15.444555982331224,7.1759447946330726,12.989921670544494,6.510872420010182,19.776886634198807,9.35280619106262,20.518695831298828,8.04895305633545,18.867279052734375,8.367929458618164,13.932330131530762,8.655258829530485,21.115236282348633,8.710232734680176,15.762823104858398,6.714883804321289,15.665807723999023,8.300239562988281,16.592117309570312,12.44920539855957,22.33707618713379,10.414746284484863,16.498943328857422,8.999105453491211,20.885687481488215,6.976815223693848,20.126707077026367,12.382112503051758,18.810436248779297,10.593823432922363,15.059475898742676,8.450504302978516,17.628313064575195,10.553791046142578,18.189983367919922,12.394638061523438,17.76175880432129,10.788660049438477,18.196456909179688,8.537302017211914,20.143367767333984,13.4153413772583,18.300113677978516,13.671151161193848,22.107295989990234,11.581937789916992,16.72855567932129,11.071257591247559,20.56450653076172,12.09509563446045,16.751943588256836,11.272342681884766,20.094287872314453,11.73809814453125,19.04570960998535,9.925102233886719,22.22235870361328,9.815425872802734,20.214496612548828,13.174971580505371,20.38079261779785,9.284577369689941,16.606075286865234,11.018575668334961,21.165889739990234,11.177430152893066,16.993000030517578,8.359170913696289,18.622211456298828,7.84849739074707,17.51633644104004,9.280811309814453,19.518638610839844,11.380292892456055,18.017881393432617,9.09315299987793,19.846208572387695,11.202311515808105,16.221885681152344
114.77432055554499,51.67722924201953,43.58801604177162,28.831179548262455,12.176755627426829,25.840103255224122,10.936362590624316,20.382657711905853,8.801348179277898,15.090286431496175,6.611647317109956,15.6807425929012,8.06756580740606,16.559728774364395,8.382546149506423,13.712670354367914,6.369767074713338,13.872960972572612,8.917033024226399,14.440369117600852,6.665909141120266,15.3218076393792,10.066947391262188,16.432086876982353,8.392613718985778,18.871285407856753,6.908226085265795,17.92059084846731,6.525470403876343,14.87826918493081,8.322847209495453,15.978970482740412,4.840845584869385,13.146183013916016,8.319912910461426,21.174525158367892,13.377244391415493,21.912839889526367,8.054960250854492,15.100430488586426,9.202144622802734,20.89797592163086,10.017166137695312,17.110389709472656,9.92493011330066,18.00999641418457,13.322675704956055,18.05535125732422,13.095237731933594,19.616024017333984,14.569419860839844,17.829757690429688,12.024840354919434,19.735326766967773,10.109106063842773,13.277637481689453,8.947120666503906,17.17787742614746,7.922532558441162,18.914159774780273,7.213499069213867,21.557188034057617,14.50167465209961,20.3470401763916,12.850430488586426,15.958776473999023,12.378121376037598,22.076824188232422,9.607355117797852,13.211359977722168,10.105525970458984,18.81865119934082,10.35433292388916,17.325572967529297,12.476032257080078,16.675552368164062,9.63421630859375,16.77080535888672,9.429535865783691,21.09209442138672,11.82800006866455,17.615798950195312,11.099845886230469,21.376380920410156,9.854118347167969,19.299997329711914,8.864398956298828,17.64694595336914,10.423462867736816,23.273330688476562,11.508859634399414,16.541711807250977,11.386141777038574,18.204410552978516,13.221986770629883,20.004108428955078,12.85256576538086,23.232553482055664,11.93221378326416,20.73310661315918
89.72394585587719,49.157770072005945,28.206172144136865,31.9777527443972,15.766759542407051,23.34568751832812,12.789324338807873,19.93513264543779,8.164328351298476,18.902007321207666,5.639049551676243,13.25665979858837,7.5773316210433626,19.386461228661126,8.803214594241066,14.653972519337167,6.180562031425468,13.426115989551205,7.697452486925997,15.609228524616645,8.283318369406306,14.615382244033762,6.860974882810883,17.197095303280616,6.399248603285643,12.721873020027246,9.312350137044556,16.34302520751953,7.065621376037598,16.534717559814453,9.068958282470703,21.298890327090092,6.248388290405273,16.58085146052948,15.027326583862305,17.914329528808594,9.155560493469238,20.357431411743164,9.617194175720215,14.478126525878906,9.928233190580114,19.640151977539062,8.7893705368042,16.82072639465332,8.677143096923828,17.368194580078125,11.893441200256348,14.698100090026855,13.653067588806152,21.284902572631836,14.556012153625488,17.1247615814209,11.917069435119629,19.086214065551758,10.873138427734375,17.80881690979004,9.760598182678223,19.167219161987305,9.648674964904785,15.057188034057617,12.092652320861816,20.118810653686523,10.294363021850586,15.612706184387207,16.32941246032715,23.803491592407227,10.089527130126953,16.035419464111328,13.558076858520508,16.9962215423584,7.227454662322998,15.509121894836426,9.233084678649902,16.965084075927734,12.66456127166748,21.83819580078125,11.952910423278809,17.163015365600586,11.240873336791992,39.25934982299805,10.88782024383545,21.524234771728516,8.575787544250488,15.636563301086426,8.67377758026123,18.02077865600586,11.055147171020508,20.167490005493164,11.49251651763916,23.904199600219727,10.472452163696289,16.82359504699707,11.161421775817871,13.96341609954834,10.347105979919434,19.93157196044922,11.634281158447266,17.39562225341797,8.299067497253418,14.924925804138184
103.53307438584886,46.83726956298198,32.69611624489706,27.303134545540846,12.258101043504068,19.31148618779504,8.183283922337747,13.83182209922195,7.191466711861866,14.343515086928608,7.876593562832768,13.48153270103835,6.254191868006682,17.462048068772507,7.626650148190571,16.634448708861186,6.999618391546247,11.192861556386768,5.177609874713717,17.194117698114187,7.0532021145221195,13.557647092244913,8.845831784624211,15.232078118719503,8.952169595434084,13.977852650710133,8.955645690744609,17.233211735942028,15.685093879699707,23.122270584106445,8.318349838256836,20.714645385742188,7.707791805267334,17.21486700060475,11.015276908874512,18.781518936157227,10.414624214172363,18.737985724635376,10.729835510253906,18.444168090820312,12.898783683776855,22.522706985473633,11.919278144836426,13.35834789276123,10.411284446716309,23.186113357543945,11.458499908447266,16.557315826416016,11.537755012512207,23.52103042602539,12.792740821838379,21.702165603637695,9.659222602844238,21.853078842163086,7.1545634269714355,14.60762882232666,9.503753662109375,16.785127639770508,9.819375038146973,19.47048568725586,11.187935829162598,19.719341278076172,9.798307418823242,13.514874458312988,9.80330753326416,20.616003036499023,11.494668006896973,18.497570037841797,10.089690208435059,15.02622127532959,10.184410095214844,17.509796142578125,9.254265785217285,17.909954071044922,10.892931938171387,18.382400512695312,7.840137004852295,14.560075759887695,9.384267807006836,14.4612398147583,9.959992408752441,18.71248435974121,9.30956745147705,17.809904098510742,6.31702184677124,18.944690704345703,8.278898239135742,36.306495666503906,12.032344818115234,17.395797729492188,9.431534767150879,21.8737850189209,13.46562671661377,17.58148765563965,11.16541862487793,14.348800659179688,9.972124099731445,16.740758895874023,9.209802627563477,18.922969818115234
102.52738797016823,56.5976362227378,35.3882517698268,30.203912545285633,18.57608337730016,22.32556718265022,13.31146118058675,22.82776147968754,9.891041906391289,17.128050918748247,5.898675137080749,13.016405840917226,5.135581414386288,15.811706915999515,5.110587221725382,13.90812329228837,7.6231166862881246,15.09196649666082,7.108665799938874,15.331598480444317,8.058944935622337,18.225370576921446,9.500397000545892,15.82190674557345,7.7566614638302065,17.108309545496475,9.777118537580527,12.918871914518858,9.025128364562988,16.729598999023438,10.575237014991968,18.61355972290039,11.952019691467285,20.632184982299805,7.466258525848389,14.810285568237305,8.447905540466309,20.12615394592285,7.614071846008301,18.554237365722656,10.78466796875,21.354225158691406,11.398144721984863,19.364164352416992,12.634172439575195,15.744516372680664,8.317085266113281,11.30057144165039,11.793718338012695,18.913087844848633,7.211880683898926,18.858354568481445,12.102546691894531,17.733938217163086,10.107440948486328,21.331188201904297,11.478667259216309,21.109390258789062,12.13779354095459,14.30090618133545,11.18861198425293,15.958377838134766,8.109477043151855,16.830358505249023,11.515357971191406,22.190692901611328,10.620214462280273,28.898889541625977,11.796809196472168,19.322965621948242,12.923842430114746,18.871261596679688,11.13326358795166,21.260696411132812,10.53095817565918,17.304426193237305,8.717649459838867,19.773088455200195,11.807060241699219,18.460147857666016,8.64821720123291,17.340627670288086,9.489457130432129,15.540864944458008,13.671773910522461,22.777753829956055,9.974061012268066,21.6016902923584,11.632283210754395,21.904117584228516,9.811870574951172,22.920263290405273,10.186698913574219,15.811383247375488,10.727581024169922,19.38747215270996,12.160307884216309,18.34380340576172,11.747166633605957,18.300647735595703
58.697896385512614,48.95757686220433,28.284858708627166,26.784665921707838,13.670447295670735,15.661963023460057,10.7033490295493,16.876480834482493,9.134755316222517,14.820428398245207,4.995845948763022,14.812202362315478,8.810725662771567,16.99783989186254,7.961874130549229,13.852138867811405,9.560729978229572,15.189942743067936,7.68981646886033,15.607195930148002,9.705871758342214,16.536733894786103,7.459739382644007,17.35767350919381,11.289631399850402,22.6025449151565,10.874110514761806,15.052639638721871,11.58164119720459,22.739642710793927,12.320134162902832,18.41338337527775,11.745122656198122,18.061163542002035,8.7104071661274,18.00695557006529,12.35118579864502,20.342472076416016,11.412769317626953,15.221407890319824,11.231525421142578,23.113765716552734,7.318748950958252,9.870691299438477,8.055763244628906,13.873456001281738,11.059269905090332,15.242883682250977,11.256502151489258,19.014482498168945,8.505274772644043,16.14398193359375,6.217841148376465,22.85125732421875,10.770101547241211,16.21489143371582,13.353350639343262,22.861913681030273,12.471789360046387,24.19737434387207,14.234023094177246,22.33003807067871,14.071314811706543,19.35967254638672,10.674620628356934,15.496198654174805,12.33700180053711,17.66767692565918,11.88543701171875,19.09944725036621,7.216459274291992,21.339984893798828,11.778118133544922,19.626333236694336,11.667348861694336,18.388338088989258,9.695110321044922,18.749948501586914,8.401634216308594,16.418664932250977,11.53054428100586,14.364814758300781,9.276529312133789,19.444561004638672,11.742801666259766,14.484137535095215,7.958358287811279,15.772676467895508,11.81954574584961,19.728578567504883,9.160810470581055,16.760278701782227,12.506770133972168,23.348764419555664,12.749547958374023,15.52531623840332,10.44572639465332,19.192079544067383,14.013704299926758,21.862796783447266
87.10420405177429,55.99233375857994,40.14888808658641,26.684761446367116,15.810105996574107,20.201163323147686,8.264235682915004,18.257083087233635,8.272354774313273,14.044726917390104,7.143570947900747,13.620045230921935,7.684530954536916,17.00487000188553,8.531552796890324,15.98045058231629,5.910247607092137,13.887822143444403,3.959029951430957,14.091907465464377,5.871025996330544,13.31486636248088,5.916550378727612,16.306202915635993,6.957763868776186,20.394943630424123,10.995403495075237,16.19384692348144,11.916140950212618,22.887529373168945,8.658343315124512,15.937051773071289,10.11131477355957,21.236173629760742,13.759605263810474,18.48607063293457,10.690923690795898,20.32461166381836,10.050667762756348,25.574108123779297,9.587166786193848,22.56114387512207,10.960306167602539,21.46437644958496,11.903834342956543,23.04079246520996,15.382267951965332,16.112823486328125,11.464472770690918,20.98296356201172,11.662327766418457,23.641542434692383,11.802366256713867,19.521780014038086,7.718788146972656,18.791873931884766,10.631841659545898,15.009849548339844,10.367003440856934,16.7802677154541,9.177830696105957,15.828612327575684,10.065793991088867,17.17881202697754,12.449143409729004,22.30243682861328,9.013471603393555,17.051456451416016,11.190583229064941,14.087566375732422,9.499212265014648,17.127695083618164,9.477814674377441,17.977262496948242,9.94947624206543,17.579561233520508,14.149445533752441,19.020496368408203,10.201961517333984,14.70820140838623,9.055190086364746,19.009580612182617,12.776021003723145,19.148855209350586,11.350716590881348,14.75554084777832,8.701581001281738,20.87641143798828,10.065184593200684,19.21158790588379,9.341806411743164,18.231990814208984,8.809958457946777,19.885555267333984,9.537014961242676,18.547040939331055,9.681488990783691,11.925213813781738,7.890671730041504,20.141563415527344
106.85128007408633,54.284455938451096,28.98375231790392,28.16740075636918,21.633596100054373,21.98063626654087,12.849612194329344,15.565388235492279,7.397875388499616,17.006681208308184,11.440641855722326,14.994222490198794,10.11742773125201,18.323842222143632,7.923467422641346,16.00797907889969,9.492775487066883,13.763714759393766,8.290187780829713,16.13236469236358,5.0424382561802155,18.42004236622798,6.947392426420135,16.56613521623037,7.432077909428321,15.755781847925755,6.618207621863767,15.966465657056759,7.013583660125732,16.387500762939453,9.889392193446584,20.892326438792697,8.489208221435547,16.987966477182006,9.572134731092225,20.240324020385742,10.3833646774292,16.18891716003418,9.330904006958008,18.770078659057617,8.677022933959961,12.623604774475098,9.0292387008667,17.227554321289062,9.225237846374512,17.610488891601562,8.88231372833252,20.11321449279785,10.303812980651855,24.103214263916016,14.72203254699707,19.74260902404785,14.111740112304688,25.274791717529297,10.473177909851074,20.50841522216797,9.221981048583984,17.18122673034668,5.488819122314453,14.872074127197266,7.8177876472473145,17.775251388549805,9.734532356262207,14.627663612365723,8.869266510009766,14.91706657409668,6.675346851348877,14.44877815246582,10.523172378540039,17.538936614990234,9.865350723266602,20.710294723510742,14.554459571838379,23.562114715576172,10.837620735168457,21.758358001708984,12.817913055419922,14.876381874084473,12.207466125488281,21.428136825561523,7.921455383300781,22.87830352783203,8.149015426635742,17.707210540771484,8.000665664672852,16.03338050842285,8.443620681762695,14.764164924621582,9.97140884399414,17.651042938232422,14.160109519958496,16.37255096435547,13.723499298095703,20.68318748474121,16.00861358642578,21.877090454101562,10.6534423828125,24.96501350402832,16.74294662475586,23.5858097076416
106.68049672811851,36.231361253479875,29.40717135845702,20.124624704948776,17.612039136752266,19.813408441441467,9.260925201704639,17.756521382268176,8.377934186949794,14.36885567071171,7.55400364626022,26.888381983267738,7.179727214149407,14.742997072495148,6.598676826358709,15.3191506047573,8.406492193434731,16.186144081507457,8.528100949333885,18.241871624448454,7.360029915397826,17.526607557502174,7.207758398028094,16.06455407011252,8.243206318322642,16.523904892662095,9.896378318185093,16.683210372924805,9.830204963684082,19.903623580932617,10.907301902770996,20.24138832092285,12.853273391723633,14.879678726196289,10.08643805909935,19.274569483763152,12.05946159362793,17.969261169433594,11.718047142028809,21.387218475341797,9.431419372558594,22.677268528158617,11.383332252502441,17.625873565673828,9.767622947692871,19.08528709411621,13.429596900939941,17.463003158569336,10.64096450805664,19.797919747529168,8.442978858947754,20.325546264648438,8.750068664550781,21.14532470703125,10.12492561340332,20.515335083007812,12.290082931518555,14.519319534301758,7.504250526428223,13.980595588684082,9.85408878326416,20.544111251831055,10.213485717773438,22.259782791137695,14.216069221496582,23.357940673828125,12.529142379760742,19.089643478393555,11.311971664428711,22.01760482788086,12.1222562789917,19.357831954956055,10.743412971496582,21.985607147216797,10.341767311096191,16.54393196105957,12.006789207458496,18.51728630065918,10.049484252929688,15.197159767150879,9.49303150177002,20.184144973754883,9.485811233520508,13.316884994506836,12.963047981262207,15.381806373596191,12.018160820007324,15.346994400024414,8.166929244995117,19.563474655151367,8.78581428527832,18.86741065979004,11.842452049255371,19.606809616088867,13.079231262207031,18.1505184173584,14.824751853942871,18.3568058013916,10.782608985900879,19.34156608581543
92.58362403539455,41.001318654593845,26.11630816057503,30.600277341081025,19.539258051844847,25.10195572309803,10.566767067757747,13.701718978266364,8.14069178027711,16.316569041241717,8.315064986507151,14.138507761499518,6.8166000949580186,18.03754630298266,8.319017437900499,15.017861577893076,7.728643829791296,15.272200065123178,8.996828518832736,16.323654585241268,7.067164416840272,13.12307541896337,5.720028747028893,12.931579661007268,7.450005020448186,15.388907414968983,10.830864906311035,17.833074066004592,11.341768716793649,19.75201988220215,8.866535612838447,17.030826568603516,9.504275516068434,20.85538673400879,10.18498706817627,16.098323755647243,11.128157660894615,17.982948303222656,10.384105682373047,18.018457412719727,11.233858108520508,20.98549461364746,9.54681396484375,20.56861114501953,8.133124351501465,16.370058059692383,11.965727806091309,20.753000259399414,14.67982006072998,25.069782257080078,10.903261184692383,18.15934944152832,11.55286693572998,17.060840606689453,11.163726806640625,18.081335067749023,10.313765525817871,20.63376235961914,10.35782288676069,11.920564651489258,13.737951278686523,20.754043579101562,9.469525337219238,14.42357349395752,7.046202182769775,20.782625198364258,7.45505428314209,16.08985710144043,9.330809593200684,17.83566665649414,7.53048849105835,18.309389114379883,10.112334251403809,16.36742401123047,13.588624954223633,20.647647857666016,14.590693473815918,14.969840049743652,11.201387405395508,23.720611572265625,8.733016967773438,19.617691040039062,10.166844367980957,16.874483108520508,8.3493070602417,14.794637680053711,9.027731895446777,42.072566986083984,10.053948402404785,19.511096954345703,10.236120223999023,15.843764305114746,8.917840957641602,17.348085403442383,9.199684143066406,16.862157821655273,8.99030876159668,18.088254928588867,8.167878150939941,14.800358772277832
79.44565384537076,48.80783607802191,41.511532455943836,34.455885046500455,19.969188501763536,20.339471915710806,10.091484696127154,20.296767081579162,11.995959242060602,17.895955091987368,9.335047792134304,16.748803918861157,8.287393025801913,12.22869882272683,6.110850334296628,14.998490412929165,7.74565377705602,24.266386953360133,4.76737515823084,15.196775241943035,4.766083188644926,15.736514610167209,4.865867876400308,13.939887454112716,5.489979044262707,12.455953608368324,7.403514622829914,19.066715672963465,8.834521473613002,21.920018109155535,13.26859868346856,22.993480682373047,10.83817195892334,21.157712789376124,12.107038497924805,17.37628936767578,11.878310203552246,17.178421887871092,13.85936450958252,20.781774520874023,9.062588691711426,19.095748901367188,8.404878616333008,16.90782356262207,10.721637725830078,17.587297439575195,6.840249538421631,15.61483383178711,9.815272331237793,22.564897537231445,7.446005821228027,15.758248329162598,7.930554389953613,17.65694236755371,7.252707004547119,18.187009811401367,6.519340515136719,19.071199417114258,8.120508193969727,17.41680908203125,9.888736724853516,19.765085220336914,6.701924800872803,15.629812240600586,10.804030418395996,22.726818084716797,11.634804725646973,21.18941879272461,11.0534086227417,18.85366439819336,11.3853759765625,18.75459098815918,11.825516700744629,19.429855346679688,9.759004592895508,17.320711135864258,9.630505561828613,23.658905029296875,10.972532272338867,20.27957534790039,10.624802589416504,19.958799362182617,6.325546741485596,13.641485214233398,8.139493942260742,23.10211753845215,9.483092308044434,16.771774291992188,8.956599235534668,16.7053165435791,7.3406291007995605,16.58310317993164,7.976272106170654,20.721513748168945,11.520133972167969,19.667972564697266,8.697566032409668,19.831449508666992,12.830849647521973,15.773384094238281
73.30414294315096,61.76241147403712,30.636224816461965,25.006681204313214,12.005615137484632,19.108971385854005,10.949074739378268,16.804447871952714,8.248740211165746,13.44758396758796,6.800387643985591,13.983173304465499,5.437079443341949,12.704896651099734,7.181336086353228,15.155634292843146,5.706359715570898,12.776931862011766,5.7714799700339805,14.336504672502558,7.362491609967444,16.53457058344174,6.176053971503624,11.495336933980036,6.153224235680263,15.06370434799253,9.204007779066037,14.456402778625488,9.971193590566521,18.40771012641716,12.606399415604129,17.564794540405273,6.959870338439941,14.872662910632597,7.465710639953613,22.290664672851562,12.40640640258789,21.838825225830078,8.382535934448242,17.162370681762695,7.67385196685791,21.262550354003906,10.94782829284668,16.345857620239258,12.271913528442383,20.323902130126953,10.9241361618042,19.241954803466797,13.29769229888916,23.511310577392578,13.843372344970703,19.445796966552734,12.190567970275879,15.58862018585205,9.706302642822266,21.032167434692383,11.68344783782959,17.301559448242188,11.832937240600586,13.39167308807373,8.830862045288086,17.34577178955078,9.809789657592773,18.452674865722656,11.454910278320312,17.080806732177734,17.716053009033203,17.761539459228516,10.29050350189209,17.405038833618164,9.589141845703125,16.2023983001709,10.634607315063477,18.750471115112305,11.781092643737793,18.399269104003906,10.500004768371582,22.091327667236328,11.36862850189209,17.772708892822266,10.186007499694824,13.984044075012207,6.099646091461182,16.321002960205078,12.061908721923828,15.211135864257812,11.917502403259277,20.219661712646484,12.878692626953125,23.20673942565918,8.264924049377441,18.353525161743164,9.916130065917969,21.009286880493164,10.387655258178711,20.35476303100586,10.439589500427246,24.350677490234375,8.75178050994873,17.43638801574707
83.09159243873033,39.68964260161265,27.239655092358454,28.535449334298228,15.213755022107048,18.04215843080554,9.66761131945909,16.274164520841893,10.30945273197785,14.661293363316403,6.168669304244654,16.375592185428648,8.518880244608496,19.39312087994165,7.677322711030494,18.634976713309236,7.163505516456772,14.083339617520576,7.0037902300435,12.78225665586217,7.131893739082482,16.19682152087858,7.955751902679567,14.398614374787288,6.903518366980553,18.39206886291504,7.885163302512155,15.97677187086251,10.397571563720703,18.283126831054688,10.118692398071289,20.92696762084961,13.589309692382812,23.347644805908203,10.497856140136719,21.26581382751465,13.839092254638672,18.74427032470703,8.375081062316895,18.102008819580078,10.886532524347668,21.7376766204834,10.575434684753418,15.434392929077148,9.941020011901855,22.225391387939453,6.741082668304443,17.087068557739258,7.592127799987793,14.646513938903809,7.613481044769287,16.33647346496582,10.129596710205078,16.77841567993164,9.363306045532227,36.348384857177734,8.88219928741455,18.82648468017578,8.622191429138184,14.157052040100098,9.483146667480469,19.00031089782715,11.94303035736084,15.30119800567627,9.555137634277344,21.253347396850586,11.520893096923828,15.352580070495605,13.127635955810547,22.967710494995117,13.50352668762207,18.45237922668457,13.130696296691895,27.52632713317871,10.970880508422852,16.67592430114746,12.317296028137207,22.976551055908203,10.311734199523926,16.136873245239258,14.235193252563477,23.035152435302734,8.17149829864502,16.57041358947754,8.713462829589844,13.164474487304688,7.5246262550354,16.81869888305664,9.982215881347656,17.6036434173584,11.55904483795166,15.611820220947266,11.782389640808105,18.33064842224121,11.034215927124023,19.40912437438965,11.38893985748291,19.392927169799805,10.377219200134277,16.72798728942871
78.55286980722822,45.859920818501614,29.241873759900017,25.78352856059923,17.713091640430246,23.15532073840189,9.82956782663801,16.9864990385645,9.275000587170968,18.482543481152153,5.048580704009609,16.460079278821027,5.743972116257814,12.240999005916725,7.315626412245106,12.74594309888773,8.249151784264043,14.399508305131203,7.688834498510671,13.836393380265045,6.148672594599678,13.363632095810619,5.9938192958377785,16.530591680700482,5.949239154132304,15.769346394707993,8.43794647621819,15.73432445526123,6.508615999262552,19.91405174024556,9.197368621826172,18.303977917377747,9.291239928459566,23.167795181274414,13.96039867401123,19.688884735107422,15.842947006225586,24.574670791625977,22.070322036743164,16.702394485473633,11.343184471130371,19.317150115966797,11.530866622924805,20.802152633666992,8.615175247192383,17.465023040771484,8.88983154296875,17.4288330078125,9.623332023620605,20.033302307128906,10.234033584594727,15.743914604187012,9.590972900390625,17.364665985107422,7.963803768157959,18.201093673706055,9.105558395385742,23.994169235229492,10.415459632873535,16.527740478515625,9.256525993347168,17.259674072265625,4.9295654296875,18.402908325195312,7.358834743499756,17.846105575561523,9.319507598876953,19.42661476135254,11.700094223022461,19.939245223999023,9.586697578430176,18.19525718688965,15.359196662902832,18.444921493530273,13.059247970581055,19.71947479248047,12.25112533569336,23.66472816467285,11.30167293548584,15.002910614013672,10.431520462036133,20.651453018188477,10.859159469604492,13.924676895141602,9.564900398254395,20.54041862487793,9.628486633300781,15.442047119140625,9.169816970825195,20.443246841430664,10.51218318939209,14.535369873046875,9.381330490112305,18.9886417388916,8.925023078918457,16.8232421875,8.992168426513672,21.0667724609375,12.018292427062988,18.12318992614746
76.63631605515575,47.18028742522194,29.376143939623038,22.356291457297488,9.522749590212719,24.991754078012207,13.222777786425219,15.902492555983386,7.551984704759632,15.339689381446394,11.914839382602265,15.620251200696279,7.245346487339351,17.099679420612837,8.614174595605052,15.258899632234872,6.605267604090003,18.435218591059712,8.96809686850885,16.580921291886906,8.70543306728617,15.75265218241339,8.4327973606833,16.50942097842455,6.9540556489960625,14.803251243630726,6.1793835679318345,28.56223074562984,7.569969703395273,18.15948486328125,8.725572274146254,14.22116259285326,9.579665184020996,18.864408493041992,9.080416679382324,21.418545791929763,10.652693748474121,18.369394302368164,9.934130668640137,15.632902145385742,9.190640449523926,16.911447525024414,15.752970695495605,18.761568069458008,13.958694458007812,24.86181640625,8.703845977783203,17.817337036132812,12.640172958374023,17.977039337158203,10.124027252197266,22.587158203125,11.71422290802002,19.463985443115234,9.77741813659668,14.732213973999023,11.135381698608398,18.260271072387695,9.911654472351074,18.065547943115234,11.069741249084473,17.28668212890625,9.052395820617676,15.978838920593262,10.236490249633789,14.747289657592773,7.7685017585754395,17.22559356689453,10.058327674865723,19.494224548339844,9.63575553894043,19.22482681274414,13.697798728942871,16.971845626831055,11.124256134033203,19.973594665527344,7.363687038421631,18.43178367614746,10.977142333984375,13.40548038482666,6.111804008483887,18.671199798583984,11.01330280303955,15.289724349975586,13.87662410736084,22.839813232421875,14.445968627929688,23.187654495239258,9.170588493347168,24.418121337890625,13.245401382446289,17.54627799987793,10.669028282165527,18.032541275024414,12.762681007385254,15.392446517944336,10.820013046264648,22.456012725830078,10.293715476989746,19.569076538085938
84.71614786644975,46.08184012165917,25.0605588533798,22.324332399268318,16.081012178529136,21.36616460226181,12.70745768304938,19.263021585136638,11.288219924457227,12.802331756382767,7.562148876339471,11.44162913110688,10.191073768413398,13.889926415303773,6.66534185062531,12.404800079143353,9.746512105135373,18.034365827441214,8.144998681033382,14.563045098583375,5.350583767369586,16.35091416811652,6.446615387534423,14.069458312434893,6.860479945122892,17.27196785069586,10.168649599291275,18.670543670654297,9.957865715026855,16.925960540771484,9.156181995351407,18.431873321533203,11.21963119506836,17.43055534362793,8.7075777053833,13.305657386779785,11.631319046020508,12.71775297404497,8.96045970916748,15.286999702453613,8.025955200195312,18.010860443115234,8.591193199157715,20.175312042236328,9.271656036376953,16.83196258544922,9.61780071258545,19.528146743774414,11.640130043029785,20.5023250579834,12.735386848449707,19.572912216186523,9.808572769165039,16.187074661254883,10.555353164672852,18.39552116394043,37.258331298828125,19.562463760375977,13.83680534362793,13.37588882446289,13.946123123168945,22.90791130065918,11.807368278503418,19.811981201171875,12.374478340148926,19.059553146362305,12.629777908325195,20.69792938232422,11.920944213867188,22.171890258789062,7.131450653076172,17.561595916748047,8.801246643066406,17.8216609954834,9.341572761535645,18.1931095123291,7.167659759521484,17.941974639892578,10.385505676269531,22.64012908935547,10.840483665466309,19.1591796875,10.538342475891113,20.97409439086914,9.226966857910156,18.65586280822754,10.476046562194824,17.357276916503906,13.974616050720215,20.622894287109375,11.19649887084961,18.105031967163086,14.933219909667969,24.19680404663086,12.791265487670898,20.083702087402344,10.231181144714355,22.49685287475586,10.077630996704102,16.520275115966797
