0,1,2,3,4,5,6,7,8,9,10,11,12,13,14,15,16,17,18,19,20,21,22,23,24,25,26,27,28,29,30,31,32,33,34,35,36,37,38,39,40,41,42,43,44,45,46,47,48,49,50,51,52,53,54,55,56,57,58,59,60,61,62,63,64,65,66,67,68,69,70,71,72,73,74,75,76,77,78,79,80,81,82,83,84,85,86,87,88,89,90,91
12.202225692375453,7.1130262303416085,8.326344409845353,6.143759737291057,6.655985837570941,6.466260210679048,10.056078686027233,6.54012847500213,9.845854650944155,12.976944546513304,11.569572190886046,8.06365935154413,9.851029193387356,9.31866693659248,11.70077179691669,14.378745472720855,11.553870042854156,9.829339116638476,13.79802176014178,5.585793008333928,11.274192421716448,16.293871578319614,12.484285231715308,11.572579990393692,16.022622020762054,12.663910599122056,12.63387574091162,8.391168363799233,9.107675287935518,14.219284153458057,9.254642426529575,6.9315402554003045,15.174598432973047,9.602366866726257,10.186998188180159,11.757167707379011,14.192513939618951,13.624009637015565,10.868043439073896,12.307293691239417,12.215553101918388,10.05340887992524,7.070999039101899,8.913946813774555,13.162887519269535,10.618128153611057,12.404061132556143,12.326574614250273,9.741606082166047,12.110508479869376,7.944539557759574,7.64987777330421,15.88771686567262,10.636796408301759,10.447970707817216,10.276042280194996,13.463253000548582,11.51602091424973,9.478448332943106,9.18432657762937,8.089599929484493,15.68379079119517,11.764500919701893,9.543394965011762,11.388131474796618,10.13035502424753,8.608564717047127,10.539430001786908,10.682079417124644,10.175664603033743,13.321513305682538,7.473390313517905,12.361726601269662,11.104391991795147,11.681773081038017,14.246128292553474,4.618991804046747,8.796569835914315,7.3151968593111665,9.67771555045793,8.176169201065242,7.769034978301302,3.569252137243513,5.5229570545738165,4.12197331901637,4.514716468460639,5.325417846046607,7.013241964269436,11.589481567676469,14.41602669644718,13.956845405898108,7.783661677429369
10.594651790085734,8.545037059776945,8.335643574105964,7.096143948965055,8.973722466932676,8.346232461822483,8.21766766122712,9.716588827832386,9.525588253172554,11.647500140650013,8.71511534800121,9.205145173831152,14.064447695291364,7.5252578305983775,12.631363293720895,13.235580052600508,7.97980038589197,8.665891273916184,10.555783963337294,10.640019729893785,9.956613565788881,8.745629509400331,7.702909004444573,9.15950894230096,11.834063419546172,10.634770243111252,11.010702206532086,10.227055154730305,12.139265882362906,10.663898512348599,9.193317205147688,12.307490345637678,10.327874011301207,11.203575799791086,12.655153688638551,10.66095653566407,11.732854281105322,11.945207603665999,13.57068354366271,11.609401195123322,13.450302520904401,10.330890708842235,7.373935991541512,13.054348542812628,10.863137437194862,9.821367773149586,10.258441921010956,8.402374268731041,9.471783590736248,5.673815574532506,7.301876973922307,10.17975033946993,12.10920942515932,9.004486796800666,3.6908897865776877,11.003656053754844,9.406214445549892,10.9118225581982,9.06557044318103,9.646065896087105,10.031795318601374,6.59654274550377,6.897291382270015,12.038120876896041,14.555280574828497,9.400289932665704,5.609842198617197,11.10020138761688,10.80259863924022,11.579394273020299,7.9234743118082775,8.270256012129183,10.885721891773617,14.93263163870661,9.089611805443537,8.291545936912213,9.635065742157558,11.020430555322772,4.5762290780814885,8.063515550372417,7.255544417219426,10.143201471487215,10.329954878889822,10.723557621297756,13.144887905427007,5.259643045542364,12.534266340479338,11.447767187708063,8.199304037082474,10.263036657271538,9.169471250214198,8.095171810075911
4.9879556380284775,12.40876950133784,7.852018259519935,8.760590467799698,4.684901554216512,5.326266961364746,9.968795692645822,8.950496175928489,11.183543913727544,9.430016303274533,16.626812015347333,8.766451924665258,12.55616663899032,7.514115954986002,8.561960908138767,6.757068734970909,5.909452556648736,14.043660323091988,8.53389789699823,9.14999891867759,9.495392788802038,6.771220688845277,11.676059385442061,11.390828409947165,14.514570911188844,12.118248666688705,9.293172546089973,10.155667090600849,11.756499284682954,9.844058529572504,12.355283944144935,12.066233116102167,11.4438627095553,6.623306391847069,16.505127336365774,14.849774092415743,12.650652812744728,11.079409370926308,11.445440889152293,9.926891809669575,11.118153834499054,13.362980720851661,8.727567437942039,10.45274669550109,10.922134080465511,11.465309001208956,14.1393940017321,8.464283730203,8.089232092257998,12.281415979533955,15.810023065653672,15.383312896414338,12.558825083674668,10.16394203833946,10.443527998050666,6.921034725389451,9.124768318776306,13.934558237452663,11.686894605303735,8.246055097292022,11.425990856177952,10.4331921320522,9.96362548608269,4.354083201299234,9.455524058242087,11.739152632078028,10.224404211863213,11.380571446383552,10.66633471843598,10.124838640326018,11.71354613339658,8.64725851500497,13.512371523001026,15.623124310966213,10.80546579751632,8.472902771236964,11.153885205422654,12.177694463587637,13.604470048712688,10.471591566910039,8.944138134548748,9.150549019068354,6.883647818145218,11.447686297746618,10.445744462219205,10.525350053502859,12.35175560319422,5.350561865625779,8.845010561243496,11.42583171615679,11.912945416081829,10.621146670461219
9.842305170941769,11.564428199655515,6.984691056433337,9.414109916888293,9.210338433383644,7.622984227945707,5.512910879104459,7.589494946834023,11.507495710658336,17.497779124726502,7.805022313890262,11.441097485860858,8.382451900973834,10.203656488586692,10.59890753718202,14.275206253088934,12.877188556037709,9.166896353356098,15.135710828562836,9.09570425696727,16.103094899952318,8.837983320984481,8.672748717346886,8.944004539997556,10.657519451981834,9.290722155386865,11.353273550265394,8.889637678882991,10.356415648949383,8.849575412531397,11.4755318544678,8.24881228959995,9.643753828394876,9.75072167661991,12.449033634188462,13.554105769308055,13.172352357903787,10.764016849019928,6.6575132754863775,10.968306752328052,12.110914611151099,12.18924113101428,9.199229348022111,8.80862566017064,7.008605319061246,7.9620292480086885,7.771537250345081,11.126603240493372,13.116239296243183,13.778981106072138,7.526311290285184,12.386057428574299,12.259714418345931,10.61087452812198,10.229514592317846,11.959438142429311,13.554004561824149,12.179488350472871,12.59059190769121,7.603772465833755,9.073016394459312,5.512652190265413,8.490989783182432,7.20215478776681,5.800342627604655,7.097532170518034,5.454610063083942,4.702058910592642,16.16855685223285,12.956013548406045,13.458382563425209,9.567120195037184,8.075283569768168,11.900335282652835,5.402399879990691,8.884946059475837,14.692374473666353,11.66279957439961,12.006639357471602,10.203427482306783,5.475138694741014,12.846378087652079,4.327024295608334,10.119062089439094,9.424817883599527,12.407010053672732,7.250488761679449,3.7805269888139774,3.4378914020066382,7.849007107177712,12.154204921129747,12.976440610798045
8.383099441539093,10.326981838773616,8.39890835360895,12.613605143870222,8.561217763994,9.96742200508462,9.015664670457546,10.024494988196581,9.629536038130146,8.383222595867025,11.263694728221694,9.897042769349127,11.749985910249297,15.403259518061395,12.923294629320832,14.381516142211387,13.068083508994718,10.62115695354151,10.208827432709533,17.886111921139396,9.508058493502682,6.547878464665726,9.424849295719408,8.155226059600178,9.897997135280558,6.696138958356338,8.232483831240279,5.000712016028165,11.597665407161935,11.152770820972165,3.98318781045984,7.602374919531266,11.88554763187673,14.74958483571766,9.378071257238185,13.447165533414395,11.204200166831237,15.742748870900504,10.317710089301773,9.130178235797601,5.322224127255587,8.143831467103535,10.905483258403908,9.21550383481601,8.710051806889956,8.532861743828146,8.003901345101985,12.3470779766176,12.394325231447942,3.991233860566516,10.731788702887675,14.715451568613165,12.980828427146543,12.306831943039198,10.047902012942448,11.292441655992684,6.266513110122233,5.394951457999636,10.531717738908537,12.210487724236984,12.177911751849082,11.351653408680892,8.840204972082448,9.902863256824485,4.996234962967909,7.4309039950723745,10.130065464677157,13.518356613420844,10.933038439547548,10.108614599969346,8.675866864229784,11.801649272790806,8.766323061200756,10.546513806555579,7.76131336410081,7.4288447360562655,12.606591803690183,7.642589951241931,11.75520233026559,8.886510192325712,13.477152556371015,10.944087910002589,8.650627158886868,5.540020391910673,4.583353002289971,8.219972472918387,10.60812210969304,12.562682154399763,11.294881504542108,9.797365688704103,10.110592344100272,13.472911191332594
8.83177748411412,10.767754281408312,10.683751007758278,9.79453198461901,11.11604486061343,9.39322406798432,6.274563686272512,7.731081390532921,10.678565026874988,9.290278295561574,7.516032989680264,10.09744654148115,9.400776635581963,8.489444420084858,10.739566365780984,10.427811219440882,9.075011302667118,8.271726599033304,10.144574953872127,7.349033081002998,9.789602746060838,10.141059407246674,9.455649077697498,11.923197777928397,9.423818477765206,11.744876433442252,12.655235983645168,8.504402584039605,9.653832141893808,10.038289655959039,6.053649310654238,10.189109993565083,9.384581444166757,11.893945586948252,7.496968961618249,10.80769947062629,13.741363001563425,10.89072493403658,11.282221237612731,8.570410340639388,12.402260370695078,11.34637197817198,11.581018449022356,9.929905104156514,2.265284573064244,4.117074424280671,2.8818445805495854,2.914195594946723,8.177212055637305,9.882431023482843,11.382244692118967,8.972669484948394,11.180561473741285,11.730926737037091,10.873148536528175,11.156893080581337,11.311398732213231,5.793346745678686,7.105839066540909,9.193254560575765,13.773020421606153,11.48921443821906,8.095480776902154,9.597349502276478,14.507188672340225,11.732964116211711,6.0071564176031575,2.4749290405099353,7.117274375293573,3.2241844433551017,5.4962373835783955,11.161939021132891,7.243509274980586,3.6103262330788324,10.064899457928732,7.8750809322979505,12.5626219528089,10.13770182573869,9.608642394940592,14.341419668432868,13.953240315884191,9.657415728708632,10.3216475972576,8.205261433490513,6.173567746326553,10.298585820476413,10.994407667915794,13.576691625442503,10.577969704279715,10.943607878000417,9.399061162900747,5.024756813010372
8.769815535250284,12.993453674769508,9.17321405966815,6.8193274722255754,8.354209463714854,4.062629905102301,9.263829179859473,12.023322320320279,7.075270546460862,11.173517402703116,7.2472095622854225,8.32090897858159,11.773698878537164,9.759679553747059,13.57826608724802,7.690318592151367,6.105197242319712,8.206307624466152,11.129035717516246,11.922807183298076,12.608703961109128,8.948609003716749,12.144534538340393,9.39160429520489,11.705185140162834,8.949297858992086,7.369487930432664,7.9186931380803784,8.272903774657546,9.88410799405415,13.93539948955964,10.770884679750168,10.0231416886571,10.776448063289967,10.885313087584597,8.790975541484745,8.516373828330462,9.74882353192277,12.967068059966792,12.813535843814028,9.291337141749398,8.100139478897722,4.796780470115357,2.9700456185431676,11.507167760465624,10.833180183077909,10.341832803383877,14.451097877324127,8.27327383526099,9.092553973964392,7.84946948482934,9.7203486542844,7.579727415495791,10.372680620040049,9.975216869500787,8.033774264081751,10.254869673235364,11.642591809389378,12.107637266304993,11.138456545167175,7.201035488586344,11.660455101938748,7.800199163161293,13.345936937816607,11.219652105575722,9.873093660613645,2.1442396177869103,9.040767540860001,10.053883964940816,11.48824552468058,11.290863803662464,10.942913638458695,10.353285122454013,14.05814112801466,11.755831944265571,11.925460828712437,13.678684665278514,8.301687338342632,11.640760719166773,5.866537082725154,4.861882274765352,9.49879467367369,11.440875316828462,11.449550905217027,11.927903045333816,5.805442119751373,8.37192462814804,11.618810361624512,3.617664461374642,10.039432171221444,4.906497379580149,10.354575520865309
8.763853817067185,8.126333861080305,9.214908766276078,9.573988575884918,7.006124738156872,10.971531220761754,9.888950059660898,7.500261739904651,5.821975568898085,9.435267221408905,19.381836929990207,13.993949837638615,15.146370224575254,11.64820400021182,11.840431411256896,9.719465727032881,14.854577277434856,13.917694129895196,11.260454004127016,12.80868657326894,8.576112990900931,5.510829522491358,9.037564694773572,10.612978110368946,9.96777639480035,10.864779856477618,12.006045747021455,13.4248950690566,12.285269033125282,8.024522027238879,6.785591955155994,10.472027994448398,11.999307309428747,10.272589495393891,11.654931289368362,10.956297707458296,10.440414239454572,13.854934240394622,13.450850835069819,12.63855285459648,8.638405778241122,15.385233299648316,12.018348857240614,7.99141476272978,11.747715699176762,7.9168321433287145,11.607322558628939,12.261312324732597,8.716123911219725,13.280079159503279,6.364888253000639,10.496092738758412,10.819998565938816,4.548516917408632,5.491301491141611,9.161602911063584,7.844075792607505,15.810878545679946,11.24433656275193,15.067386322396379,9.957811428851972,11.581793315553458,7.417630414919527,12.363249265633016,8.625729901287745,6.129782350510876,14.244134746778817,6.919205269005358,13.248376609897894,12.5797452598872,10.560478201513979,7.673223559099116,6.020632400745919,6.9550579284482605,9.600951189716017,8.361776797744167,8.73662300628933,12.200666537202249,8.049902433809445,8.994897158248019,5.901484439966354,9.160711374151706,5.307615592574954,4.205234372036397,4.08121578509298,8.012473767975743,4.319660611888756,4.355165036168506,10.323936372655941,14.794720311344491,12.000561007551756,12.25011237369356
7.12827501874546,6.125646168505606,9.629987150373342,11.644154334423574,8.878562447049296,8.9264016826343,8.695009615636145,7.551554481673955,9.50575978320578,8.599086396851709,8.570757069021761,8.800325969325081,6.417014020145402,7.044635882664311,11.265205626737172,11.748300272503643,10.325898788408429,9.563551028173443,9.213312364748939,11.506241334747667,8.643188021449749,9.521030587758428,13.208450277955341,12.128478046599723,10.056902615413918,5.9551528417107535,9.602925361533334,13.205825667231148,11.380042986612043,9.95946855308948,10.45859222864858,12.553067662483528,15.123661204262286,8.612525339874145,9.766904245248757,8.506001144591789,12.104930130031565,5.596021979244272,10.37601369179315,13.265802595571524,12.779610910882173,7.696919030984249,7.8943916602632,4.538991394138592,14.721679787869183,7.594900922239219,11.463372241033351,10.471975831694575,7.70159044974977,5.206351055719482,9.098893044362717,15.626596392257245,14.694890301029783,13.581236377031212,11.422873379833131,11.929766879081217,13.757486723855816,8.24498992800745,11.894980253847363,12.460202774667607,6.460717351207587,9.945921778357388,11.767569519487882,15.636628836219225,10.859975680494617,12.830535453631901,7.7838127757182765,2.68147148992404,5.218518036677539,3.160888971202686,6.1372471357814025,10.55644986073608,12.441181026513203,11.338395911190826,10.128987723271587,10.060781153757443,6.628856570612454,11.38827537703109,13.183229439291399,8.008201328440245,6.2252618072929495,12.268552146514647,9.740495468222768,7.619527239905606,6.207392740234049,4.576910062966945,4.041434852606465,3.9073226318513603,3.467206507420964,2.9532149211700323,2.549472663024963,4.2863532871191845
8.989784621205507,9.029143777262508,9.033726431418359,7.235997796126105,5.345071183999355,10.460569713398387,11.808327015512244,9.247379852719224,6.4771777330385945,9.407177726402349,9.159997161543071,11.62928331690234,7.746894913048465,8.168270090142514,12.959944899013252,8.935182446522917,9.460928382077942,18.36835317300587,11.436753278608057,9.614896930159365,11.366992371577496,10.895267281665218,12.35071245628056,8.008364454206484,10.156493157667805,10.429471577349839,9.504252598241944,9.203611475455578,9.441243957674091,15.126226203645562,11.836680868765152,11.396584513442331,8.901391612033407,9.877327038843678,13.464815914324793,13.295496571443937,6.677116467338711,5.755667982238389,4.450391137981737,9.349799083975238,11.489038894246814,11.591568721110226,12.563275176868189,8.877329467216962,11.5759359906952,11.162327395833886,10.04994249726651,9.57698697147747,9.369937901237856,12.667866887457143,8.859227142058545,6.128811557888156,13.101602073790001,14.804306481005318,15.91410740903567,12.155312969078224,12.722114781315224,10.083014580010602,6.633624302568327,11.789994058270876,12.976671332702022,12.609841717710053,17.45600302750597,11.426484823322744,7.090129198137907,11.10521010588285,3.6176469972540324,6.294768242444681,12.714067936078203,15.128110281476179,11.626089065555337,13.239253163327447,16.28681864200656,9.336890356569473,5.616628928618506,3.747747960343843,3.38535747482391,5.265790512545925,8.457923384248176,7.8261055771151735,8.658733919258392,8.51437663709261,3.655661256355316,4.884592864704062,4.298828800563847,4.650655317707103,6.499573420941346,4.515389360090842,8.80589000762605,6.864320454614211,11.137938831708611,12.91704121788276
7.348004193288702,11.889122828981883,9.244466412491402,8.012455385670794,11.547667647481962,8.020032280174222,11.310701677822987,10.032944307951587,7.743843141857345,7.893008186493586,10.659974433952154,14.193299500553133,10.983664344758456,11.291170438361751,10.53575999328267,13.458527217775138,13.612760460324285,11.605429301579866,7.92731066442793,11.06321269421823,9.992982240184094,9.195587901689564,10.161406951288646,11.812949573622257,7.954909401884672,6.175221983555888,9.240471537712507,13.312902041213354,10.330005516838897,12.72573358826101,7.154407734105618,7.528279012876763,10.752155709103276,14.63180214411113,10.08426673706335,12.445626943514057,15.35662644076557,11.672572658961707,8.39953759781155,7.7133894242700265,10.273940421896944,9.29006626675913,8.303533321829127,11.744212871355028,6.583376144509297,8.714647876244996,10.928424070119968,11.688336157880372,13.541750642993502,16.46068500119279,11.103289203333427,6.778149853875857,6.426994135246811,8.949514467836462,13.484192854692063,9.368736715996505,9.82196218671045,9.711197762019008,10.17651870820219,11.385948091722767,11.997954433228292,13.395366131738687,13.635006163631179,8.41467651311794,5.717254285903482,10.074455686741485,7.4834481195095055,5.452041579892572,7.295015580402001,6.938392081026649,7.987533842622345,14.123809469263941,10.048561433743116,8.945166149280634,4.52779154230563,8.59020235756422,11.489184411882105,8.726739639578891,10.74260870969776,10.8495497631626,8.886718316061003,4.752872054279772,6.394591638982481,4.351837505245792,6.891358365401833,12.470192038005125,8.256186689676321,9.084578537258022,4.047550057988064,10.993136427484306,16.162123092796776,12.188965126936768
11.065963232162924,13.000250560054672,12.194423689142756,12.538674759562264,10.340138100568494,8.732597727628022,4.800207420397994,7.12995349916932,7.094782671222575,12.247429751441185,8.459018026699733,11.19087841723606,12.556874965410472,13.82335573124358,11.232325019577747,11.2294197322722,12.98901125351532,11.682457508279025,11.888024450623327,10.944797049274912,13.113754011079674,10.874046282877837,4.495202969090433,8.06486423560031,11.676252910779088,12.834542063074199,6.232146611354376,10.19005952190139,9.063405087556378,12.271274931345221,11.353773112473249,10.945039371729917,11.902726017312059,11.211706319267998,11.610739605748446,14.017285519363162,4.639946381726823,10.923386342300114,8.619359000265982,9.272213625827273,11.92175469001904,3.9788085046892063,14.052140030923443,14.60334899369379,12.971800901190898,6.612162365990788,4.231266139542715,10.686886379979669,7.231063539986765,12.480131255231626,13.896319391702338,10.48075437141282,10.089092484456973,13.096629500481862,8.846375145001016,4.956908417314442,8.244005377737375,10.21172548588118,12.664930869125778,11.410722064021762,13.666097795098494,8.4810756965914,13.224902677934093,11.018912610541822,11.761403554815578,7.422805194189477,8.689236818032448,10.583471889077753,11.34973479174324,12.44388317159908,12.059539755960861,13.565731306999563,12.015618303632346,11.944766608262972,8.733669384524505,10.79024734387704,10.666041928890799,10.790566216173094,12.30192234639511,12.685937733577365,12.154440685405532,9.266358270022625,10.38413673102026,6.652112497077508,7.527178609338193,12.089841144337637,11.841380613977865,5.919203092803398,10.906860381867695,9.50269307120888,9.475099117459465,5.03770924227304
8.625330420974613,6.232578472748739,5.771667606600019,7.543656138191524,9.64837825035027,9.617715879261652,12.930966236908162,8.329265442434338,11.444888055644734,16.203022077272628,10.086316902265,15.172225579252977,8.44625567137383,10.543567714109548,11.274594635529414,12.379955815418842,10.24213769776965,10.777687827355297,7.481549785169794,8.225019852840507,9.563429972854765,7.7336787145687085,9.368935791044674,10.772556632277958,6.67158404151413,7.789146727658663,10.274811418500365,13.451417507805479,6.408875287541828,8.24789229671513,11.425871640489442,9.031434853762143,8.217052772648053,12.984560448525915,16.260438901792845,11.379159490620873,11.252238084778057,6.324339561506075,10.281059937413827,11.693788772026277,10.372320997888497,10.149767432165879,7.976903153969738,15.315473820077184,8.836696676430496,14.855403262334852,6.620134861923883,10.196592600999924,12.687990510950886,8.291468308359388,10.08899458653924,11.06934872423504,9.010117694112397,13.433001604214706,13.931597368292085,9.650544749055559,8.7073863284225,6.605631997026674,12.749803055844074,7.497905539899721,7.634889316820091,9.426382924225852,11.410339435436734,6.121073951017557,4.867928210487902,2.5378715909222,2.4357630143563425,3.0858022504301745,7.792506691132749,11.05155793352679,7.395823819053281,11.08403571633185,9.575444905070393,11.446689687363712,10.49273973605905,12.000602863592935,10.549981209465473,8.01350914577819,9.054037264415351,11.526536888116395,12.749907618720577,6.680390577787546,6.6263113581346875,8.480032334093732,4.195071940520847,7.949789462107992,6.94439189412031,6.989816448559362,3.3038942913266722,6.121194283334498,9.896645512590698,10.235315373168357
7.89377068708189,6.9074212975935465,13.024078405895244,10.14568045389702,9.838226763685864,9.376956459178475,8.737819961915518,8.241674817052479,11.312712300423627,11.520525000762616,10.121350076861445,11.249404490921268,9.509574450762438,8.028907790327475,11.83005907079276,13.706466641384116,9.59773418661149,12.735170113522255,8.576228435827524,9.270690219098,5.64168792389105,10.66096540996964,8.704609334902695,10.380808266502065,11.165824918752378,9.286376111791009,12.521263507835098,13.363437327158987,11.56082786975478,8.531532441057541,11.116524186006197,10.285618989037705,5.5602632713006965,9.72466615649033,9.019564144097021,12.828449582502776,11.418873044501462,11.604069744977096,14.285937125450593,13.127567193609886,7.404313699874999,11.487679179874107,8.826536676297268,6.230306758425712,8.393625761589341,13.79390919495306,12.718295177909354,11.213579002567624,5.571818482991918,10.476220086066759,9.973657901453054,8.631870792692968,7.66889045572902,12.381344474835469,11.547962136250426,8.871322390148212,9.858024659867574,10.936465953118908,8.477723044747426,12.682238277691342,6.693230442798952,8.295173611565517,8.324809367907113,7.481830517442336,12.482857993981481,12.221323471504911,13.938519923830984,10.293524613153751,11.166740360388815,11.340532326263837,10.014872248005032,7.666534550388778,10.899777839724987,11.343960653289411,11.688455967600277,10.925649031185419,13.46848914485648,9.444553667998628,5.354379423461863,7.180925710071018,2.473101469641453,4.6835222642613346,6.5610142531743065,12.585754385334212,14.005909177569293,12.993577470207665,10.314792445594417,5.105594107265036,10.574107421270108,8.163936948077442,8.757470258400065,2.6890967778395702
9.486585406983838,11.058587593215064,10.225733242825983,7.495936626027252,12.585568531384748,9.355282765645892,9.534188997447023,7.261060838168888,9.692070441260551,13.148931647327819,10.65334987554809,9.113292076882292,9.239659333662862,11.981548689140821,12.977915564881679,14.305367630073192,13.133074919123217,8.397870547663063,14.08635287897987,10.248327854648172,8.524971866990601,8.678169519344149,12.001096461772766,14.53334778183094,11.675210486590098,10.952471251019327,12.217469749804978,9.948711127960859,8.018403725722246,10.764295253383793,5.749469349040284,8.263937639464848,10.42012546707453,11.920243340941964,6.7052861234717325,10.323585257419856,12.75081203180284,6.716635800287703,10.622836485747015,15.835580875292653,9.31627534658984,3.8552754402805123,11.351666378900457,14.571877918684056,9.236359305188305,12.03235159290648,9.948704190957724,11.525324201057927,4.508947249273783,11.192361823356535,13.224303263325217,11.100212361443816,8.739001669122436,7.9019925847552255,4.380076690015694,9.110311419718212,6.828090144868895,5.2223774347734775,9.598307065660958,7.852599616758184,14.764438262219306,10.58709340398527,5.977625061120614,7.1484470593467835,6.807241965621526,6.163759640328031,8.197213458576917,7.863266220809945,2.3942208715755475,11.250900454638396,10.351995249211319,12.692729499403594,8.527117302149268,11.646441857756043,12.424476365894709,11.533125232253443,8.545486219652265,4.449132463755449,8.439753038740117,5.6389023716585855,7.709984885063598,8.344495794142375,8.117965937266296,8.01188613530324,10.61323751576554,7.03676611562428,4.064630375722139,5.981130485370174,9.009891838796163,10.54541960646111,5.631574359930708,4.810308607197423
13.136868173052767,8.781261862565907,8.219962337055298,12.945326604714452,13.274611137368325,12.612990538280565,7.572063735925615,8.79519665380636,7.749327597501567,11.220935347140792,8.79307560358895,11.408449866170045,15.541910290579846,9.639223224272843,11.007096184057588,13.713434061891459,4.728384768542035,6.523467884646804,8.730034147225869,11.076508345530936,6.480467671707929,2.624514815579169,2.392904697572196,7.079369963341444,8.130259667399114,9.950569663860428,8.900291236015544,10.401906610152414,10.305256731073404,6.093951228711374,11.957936470456366,5.823980788568317,9.42167588104618,11.204779981601295,13.77769642944634,10.33034166632124,10.577852431612234,10.01921127783972,9.9944473960305,12.507435445547586,10.999450395888086,8.764419476635172,9.706850787209323,4.772986057544108,2.3693093757791934,6.8686869947544,7.799922293177983,9.418155324967923,13.15010156211494,14.01314086386365,12.653331597619086,9.653483974905615,10.00769475159603,9.125759949950144,6.991219700136147,5.658321754927426,10.511040329705398,9.75774956205402,9.322338990941077,6.344981613533461,5.753555128878352,11.036468756607647,16.175130097436217,15.356680084878485,7.986871071292261,11.29876063620549,9.041943363233099,9.15589360256565,9.390063115897844,6.044988204863138,11.338171791816027,10.42074258847381,7.020305359259703,8.409594351718443,10.973419943814537,9.07944494647135,10.873372613756136,10.33655398021482,9.143441773464906,12.06324321119312,11.434731538168625,7.714016620531541,8.144133472180933,5.760950958318555,6.903681590295382,11.970264437800118,7.066091795189426,9.53684016896592,4.551216654665201,7.646894323179639,5.902264467129672,12.971438944080447
7.523644936673546,7.208902494577368,8.242249844833992,6.936092102318952,10.106015321100148,8.039728387843669,13.22881835217964,14.239803174660434,11.297468633420879,8.622963898297098,12.753416233685465,8.245816822196232,15.123514070873194,8.243570890865353,12.134677197963352,15.534905737681905,14.710118160297707,11.91423110140048,12.082442642467003,11.204631100260732,9.421462061430518,8.928331247524465,12.776473987590721,10.312669039154379,12.827147809053367,10.019307351509104,9.328077621162578,13.088919062538242,10.128830065927138,9.020776483709813,8.824245032600821,9.9825023995439,6.24615355084406,11.003768322674862,13.275308097774118,15.050311190147493,13.353884272253904,10.229291768504433,6.562999352113252,8.792498881599148,7.648135019700112,8.570070268697226,6.6777293589596365,4.403075942546116,8.585048344657004,8.315559406700762,11.98713773015868,10.837885437927188,7.612032958736944,11.6276648301742,11.326795436677724,9.736623796739059,14.398224327640083,16.277413523819398,13.062468457606716,10.215836750022717,10.104881353734688,7.827299448124305,5.796914123494171,12.804725394433618,4.883055299627004,6.525807104694044,11.4668710583482,11.736317947854097,19.551631155769126,11.791201571763015,3.9911663989518034,5.9022278444050595,9.937266077140888,9.08795071166973,9.678136998875187,7.935960735502614,13.417893484600716,9.02813395275022,9.81112578790314,8.171911287583763,10.031986504695407,12.68970406088623,11.775942933439106,8.921568192851428,2.8343641842669607,3.9826569456396492,3.8443312922438437,7.6345353971299685,4.510848966806402,6.137208841089018,10.465518554341433,12.35707901763946,5.86099082652263,7.779197397054449,16.951316742231416,11.345169694591542
5.536005508466404,7.359220728489902,6.012986194504512,9.985343559398908,15.918801456411837,9.758727902440949,9.091293500799512,4.746982162157684,7.95149029170291,10.846229473896765,10.876686592945687,8.659869436523897,11.668669706330288,12.343196969535466,13.65031276588112,7.744458896550569,10.767854071120748,8.02992942140243,10.879709751364397,16.598927728941536,12.195890261726538,11.198963122708886,8.447382735694688,9.205082838976145,7.7754599589587965,7.399379342037155,6.494010931437387,14.319669387053859,10.642381180850016,10.992336525885971,8.93580984249687,9.538783842225257,10.108874566113299,12.172414742633004,10.499646429740626,13.80534099569922,15.170034188619812,17.303495273625124,10.99444405008875,10.661509677232981,9.797429113509617,13.46110964062854,5.622406093402043,11.642126445991904,11.675108644847793,10.198193380421824,10.408225425419621,7.4096103067888155,5.600063494140982,8.99917762907041,10.771232991927597,10.698950028054364,8.281903200217467,14.447026934336918,11.589477059800686,8.933059197916757,13.299777192624049,12.703710024725117,7.1419987848085045,12.163641294611157,10.617060681086006,10.361449832759003,11.341296750087036,12.225079429054935,11.332424113934092,5.898274409251435,11.103967095212552,8.485649613997122,11.150481683767257,12.505531675520675,12.428374883592706,9.931473848887,11.07668462816584,13.20182519669658,11.920383803880233,10.224907596538893,13.62795737175955,6.879749296725872,8.958285819339528,4.139850808964678,10.631348121962372,7.631095035945893,7.347763607637857,11.534282457785029,8.777368665702504,4.895699707369076,4.346336161541102,3.9920278442598303,3.6621144305818674,8.291482287859106,6.670519320899508,12.104726674133069
7.874222434118432,7.0292496045288715,8.445052677976221,6.627110290623767,10.275862166714392,11.159776828567214,10.32405597818944,11.358548180089917,10.194573678539163,11.026237630803077,11.07329283308071,9.269458481071542,11.02362926528274,11.150951803762892,11.969146287020417,14.757577844665803,9.662888559319097,12.262981888825312,12.674322048143626,12.742465527946257,12.31688339659616,9.495185960776123,7.760612759192209,7.4861215048765475,8.972753721052909,9.359194057351825,4.710149011073309,8.93492052639722,9.348572629940808,7.879853383224213,12.773032952288712,10.005696769706825,6.308564749385711,11.019599476848398,10.222315935295356,9.351173573898246,13.678537431695162,10.935820764784703,5.754382416478675,3.433870730365797,7.281206530430191,7.84226577307094,6.927591150767545,3.9162618457077953,12.93498433695989,9.079035832299676,13.056909193552979,12.21760465140291,6.708782521227002,7.9440575550487695,7.154411037023142,7.15102913257884,7.4700717564579096,7.560707918705958,9.115090510132742,11.203479260336211,12.379459333622819,10.355176348158446,9.449349830013189,9.142589089326783,10.080873694760047,12.46811490960359,10.18918316672171,15.11427390546512,7.997348522271013,14.46740810815474,14.51595841919232,10.179007821783538,13.310722267404405,5.028617207222798,8.512766517663513,8.83839200759632,12.862385270234551,8.891730525245993,11.616816159743854,9.814448648369712,6.668207986477759,8.379855035364475,5.8965725642307,7.675163341741668,5.28523106284941,12.202613143038436,13.190052551478043,13.476184065915612,15.468326232544308,11.788477799670298,9.782843161477214,9.706889739997512,3.906340230739828,2.9812151681694474,3.289173722259983,4.418980587903815
13.668239474089646,7.854353726650783,11.560826779547885,9.143018290139912,7.049580767867186,9.360036756376905,6.780493799871129,5.688252110444496,6.970436117167762,12.659125572065111,13.933954669232602,11.885051164679648,7.782828542587938,12.064398055647967,5.3978594688702906,4.24866674382903,9.873283569561432,10.833049934722755,9.173668992531042,8.616121826944209,8.943228072302364,8.700160247243906,12.340835682442918,10.122954591271602,10.433159998515134,8.859874951022823,12.007886902379687,9.654504542089727,9.282271294988492,8.380779971704893,9.377693672835727,8.194365108613185,8.792359731514482,10.35730808241648,8.065076986300815,10.591326542840864,10.64271393621748,12.347091698117966,10.123240994039085,8.987277058709655,10.367895955079018,12.45724145604014,8.952210340658626,14.085984780693673,10.177542551567416,11.031863756675184,10.212456422441425,17.919078943803918,9.636141073054498,11.01298138460238,13.042380897474715,14.214435054103339,14.021643436435534,6.278209420364613,4.439168816974586,5.379845789410074,4.740241052264393,11.653348437718245,14.742949479328406,14.019069594651128,12.099822960470888,9.071594241596213,5.775186889764092,3.027742526309524,6.056236649804817,11.055337633943358,13.23574059101316,15.628852296135033,10.39059466969815,5.451624876804349,3.0605549328207955,2.7173158949394227,6.736755238121324,6.965995549693796,9.65018552821034,10.001885855162897,9.249754760243956,7.595293469232222,10.076780726774526,10.010660628411888,6.3426371144830345,3.400243850521291,6.936666637251321,8.971079880082637,3.499347049135268,6.914988063019083,3.412411564809459,12.369919884679597,15.228992261904924,8.097913074898033,2.792841016037707,9.033630752504802
