0,1,2,3,4,5,6,7,8,9,10,11,12,13,14,15,16,17,18,19,20,21,22,23,24,25,26,27,28,29,30,31,32,33,34,35,36,37,38,39,40,41,42,43,44,45,46,47,48,49,50,51,52,53,54,55,56,57,58,59,60,61,62,63,64,65,66,67,68,69,70,71,72,73,74,75,76,77,78,79,80,81,82,83,84,85,86,87,88,89,90,91,92,93,94,95,96,97,98
14.969931237091963,10.708148047335108,2.8018565854107016,0.028619800600038516,0.00012994351592045245,21.980512544084156,9.047194495533216,12.833632491446812,3.4145481395684985,8.579468113710675,4.858513945744143,3.483184178970194,5.830169043910436,14.498449333842784,13.1735116682823,4.671181214382586,11.079060851822517,6.541245750724496,4.05497314063978,8.606546021297516,6.271180720903193,3.520829971183237,3.012283756024883,1.9390198419943734,2.1827346951310633,4.749914068743766,2.1263454049577724,3.0957103035333904,17.35202478784702,9.06072433173794,3.599779181642592,10.987795075350213,0.5420865621163736,0.591944350757272,0.22202647913438592,0.417919935224502,0.1907121633023678,0.07103982339225066,0.04620812885724962,0.04620812885724962,0.04143556898595072,0.027063360070868254,0.027063360070868254,0.044833741001793534,0.044833741001793534,0.044833741001793534,0.044833741001793534,0.023484685890818216,0.023484685890818216,0.023484685890818216,3.6632596230851147,4.533024970762207,4.341443605733967,7.658832160891065,13.992651760998132,7.854497390361566,18.39669849571686,9.576174847880909,10.413308303461644,7.973615381876448,15.120404610706702,5.922946255541868,5.957375735313843,15.412731981575043,6.732398803502588,10.932729668844305,7.394961942862616,5.226937725950822,4.465237376591054,14.476619711554514,6.947542944250973,8.383706445549304,10.445505384582392,5.005433847797283,5.004799238816717,5.140557396627323,4.76305518334175,3.707424458085435,3.787176465309681,3.97117442459317,3.0484017659440985,2.941542083741348,2.4128651636794594,2.3979851527891776,2.4217167234792636,2.9659250889133872,2.6161481506074837,2.135518736903287,4.2470064120148345,2.49428076306094,4.121045328371956,2.6577493474893905,2.424154651212879,2.351598261477709,3.297694628244682,3.051489392401508,2.5988428608575647,16.308151766375456,8.578876571735119
20.078930703115372,10.259971895512345,2.794317280442755,0.009922847331619383,0.00026159481495748705,14.865374713871608,7.357216555919373,12.117591429179432,3.714503668093594,14.168138556778326,4.349974305441943,3.3081528125264477,14.576382587953534,15.060891903130573,10.545254783317244,3.8404221247116683,13.441588351807814,8.683023264059978,2.6996566876383414,15.890570091234896,9.176683505975353,3.5870284535905195,3.598328246942217,3.7439969211092397,2.770710652233676,3.3797182763977944,3.4577447547632802,2.975386150039672,17.84893262336949,9.29955613639041,5.769462857089333,11.238444044768528,0.646025720733922,0.7362954195786537,0.0197764486653111,0.0031755008020591946,0.0,0.0015266632010924456,0.0010179315955780538,0.0010179315955780538,0.00026557388046091887,0.059103065903581546,0.007712307411326193,0.003011106848460084,0.0018009135137727944,0.0008528053608681006,0.0008528053608681006,0.0007445561435004764,0.0005192835468293109,0.0005192835468293109,13.188430425351205,6.473781310022736,6.768446484647838,8.155394135856751,10.053142026509812,5.142241524774163,15.052601939504274,5.245656334354014,4.715374847573189,7.299931263638976,4.240414749286516,2.8024325521149316,21.88204412155052,9.948015932222765,5.402514545518946,9.758105599763393,4.369487552859798,4.141193012328996,2.4919839129860297,17.06421103964926,6.266024183857987,7.298689327141893,5.840397979958838,2.6898715969177163,2.0169528635494487,2.4765079372376566,2.4795369237560307,2.1686824041961277,2.540716853031315,2.6140786270995475,2.799722413215134,2.4223714431031125,2.3552591468097583,2.3435643004237066,2.6745832237386518,2.518897812338203,2.9281942002792407,2.8545953258331553,4.43307507878702,2.8608926844756137,4.590553032275794,2.9768066341918344,2.2903373062259615,2.1148854718350703,2.91365491704882,2.658916319419748,2.015391395651365,17.05172992044921,8.861256929716527
17.652730095978534,10.527817492329495,3.1408412124937715,0.03930583626907175,0.000647826086402396,19.59544611461557,11.475479417358624,12.825319343148692,2.6300259098763696,9.190394891337395,4.3881869199507255,2.863213057570848,7.813404127405802,17.65826980817766,5.4585689711094885,4.009560911773559,16.09475775279245,6.561215921691966,6.265348194553778,14.6212199428388,6.975516112641754,4.17072474517394,3.4510551626523194,3.5025838862202128,3.5042551167772964,4.085288237869088,2.8502693752107198,3.220466225485993,17.170920818202895,10.246898850483232,7.0754916124969025,9.896178551744418,0.5359830287716367,0.6198476330081694,0.21362308469893343,0.07947298420244638,0.06549020069519604,0.03265942750531428,0.028388426503480845,0.028388426503480845,0.028388426503480845,0.025226573667272125,0.025226573667272125,0.03345654374930842,0.03345654374930842,0.03345654374930842,0.03334915095751397,0.03334915095751397,0.02725764853056704,0.02725764853056704,3.698017915652336,4.986976449221518,2.8201019141747046,6.907156801454429,12.630017822338925,5.59343397678775,18.08902036521793,7.281376217880799,12.544901893545886,8.033280647332566,13.750199521755071,5.811768046043877,15.423972557922928,6.898276459980019,6.195014822041079,7.232009119453709,3.8543288435407033,4.083566396866741,4.013514018419828,16.049064496370733,7.148460928624721,7.955436079304137,9.896997538134832,4.815540431673372,3.2443947816548024,3.6788319462500136,3.302059100517408,3.559815582495212,3.3702910890502644,3.4302676044841074,2.556353157035115,3.3419660916330467,3.0720534489965345,2.5880139212162607,2.6222104815396157,2.287484534091551,3.1383710476025115,2.753156913589189,4.675057754461736,2.8852126000934524,4.821803717980022,3.000420025188507,2.246143177945851,2.037679776178502,3.058416877574513,2.8425413198952167,2.2417483270271483,8.33081503521784,10.468472052361752
19.682094188982862,9.822136708545193,2.8747589025262745,0.013453382671587537,0.00018827478565517348,17.507638561854417,8.533006354419399,13.21295185571132,3.3162437319114026,12.935834425634296,4.527067870092079,3.257488041339016,14.277184688969392,19.513592210249495,9.911776142970764,6.201519188779918,19.379282149481284,11.176499720815944,2.9347440343151203,15.951015856997719,6.599421858210314,3.0087916653431526,2.854042981329728,2.9154148928296424,2.8765128458299376,4.612216301890465,2.5692486113252917,3.1322875477273486,14.782335317462902,8.637910069672635,4.041475509155158,10.699543516767395,0.5129929611764362,0.6159568635019662,0.2589950978119242,0.12059295233923473,0.08467816371414691,0.707614690356385,0.08053128198504406,0.04269679247236479,0.02945299405342513,0.02945299405342513,0.02945299405342513,0.02945299405342513,0.02945299405342513,0.032007909672098135,0.032007909672098135,0.032007909672098135,0.032007909672098135,0.02575416370395083,3.685426376555128,3.9781064254530003,3.3797769284661396,7.661346779025827,12.90478467860712,5.48198947940908,7.720569335362222,14.071064842077407,4.751120996852158,6.335089560232301,14.302373984588307,4.112124786203394,19.888919020249794,14.04185900748634,6.393131950579277,8.283465171444721,4.111423982132638,3.216741883823446,2.9447900644183074,18.684900734731613,7.372069798765938,7.884249342041992,10.733271519471819,4.527797324096304,4.545755520379572,3.9843369401587907,3.7140561124760487,3.1253359746781144,3.5609099500918733,3.518350343671759,3.9941461132093665,2.2905132901335667,2.9784900270289176,3.000053829972427,3.03159129306516,2.5535066012921757,2.7049971192744473,2.292090108174282,3.972802640357608,2.619096628019132,4.220371577823297,2.8620659119574836,1.5487709858906136,1.311742628462586,2.2747504618084484,2.2967676122526908,1.6575216756174722,15.998249873417189,10.656894042961875
19.23557060246646,10.9096687462994,3.1946867703190605,0.055913714515300396,0.00021958073607501394,16.320298534204188,6.49298684006569,3.6511651164557826,2.4403310061970074,1.6953501998379195,3.059560595403145,2.9003469606763344,10.441885518484819,13.274013574831166,14.650655908087531,4.364236168320787,17.77997951744374,7.916960372392697,6.767974764936211,5.395143979732856,8.086680639345117,3.4239679286013036,2.8102194691716718,3.2599634613358157,2.9164245881770414,4.567353317789613,2.758302826017305,3.3700828741967523,19.640963648922572,8.999930768674055,7.309664044865954,10.365317111977312,0.5473375156834782,0.5754283012841718,0.237973960235222,0.020149056805662043,0.020149056805662043,0.01950699951253659,0.48253090812006116,0.07176480780441875,0.07164398361146485,0.061642802010226316,0.05621417014465563,0.04243760803916007,0.033222890559238064,0.0231771546342838,0.0231771546342838,0.0231771546342838,0.0231771546342838,0.19106655105447712,4.355369171434852,4.307237587019586,2.629784991067653,8.161957470137919,12.633808676125621,7.131789288559295,13.468999434173309,17.506991467173457,12.841151609841106,7.769294798342695,14.884282011684238,5.376026730366269,15.568778449060385,15.00860853533635,5.940162444165486,9.737657855203368,5.630457535192751,4.39350333215479,4.251099642522706,18.61240262933623,5.994351710399217,10.047794641554495,9.50007110651546,4.2892506409722895,4.24391483683799,2.417496825800309,3.031364022761747,2.860043477032172,2.5306983893802766,2.973644603765581,2.8432622900013382,2.6497601883952626,2.3727617481429806,2.4607633185409448,2.331083014486595,2.8800218102035293,2.8133291223814436,2.5277426871098454,4.186120132196371,2.64855970592971,4.269832263229077,2.7716916797756244,2.0199832084638714,1.8609538745238925,2.804081746523013,2.7613032609582464,2.480960492944906,17.73982475613769,9.880325535904564
15.912058824494814,10.186687575838409,3.346669342324551,0.048271020448292325,0.0004332086562601858,14.386423644151009,7.496345819290738,13.636815074921515,2.8932373096251776,9.131198137536215,3.816416412494391,2.5023265951013,15.264751448788777,11.562707738110284,11.78301469360685,5.686087141741163,15.640930639632307,6.786832220535028,3.331862878858159,16.43428094361621,8.098680123910166,3.113667022172736,3.076114705031836,2.9779861589789585,3.185656127734907,4.398598520789762,2.445447498214609,3.435369199457797,16.705388864800398,9.186964151860925,6.519413476133599,10.407136604055777,0.5535815956339527,0.5756063896751479,0.07968720315337453,0.00013158741135613873,0.0007628784731366658,0.004830290242915702,0.0008959307337488832,0.0008959307337488832,0.0008959307337488832,0.0008959307337488832,0.0007344337065927684,0.0027052578102877227,0.0015931436888569463,0.016990225346695538,0.004741079862791403,0.004967386916111937,0.002524396451687119,0.002524396451687119,17.4495086295671,7.6622585446371545,8.372875369829279,6.792704686595752,12.579169508912551,4.724830433283433,14.479427311753726,7.212559254308976,7.5957621448454855,6.509552849344692,8.475973320111168,4.2003688371647545,15.8081000716492,13.779428972455058,4.898061754016372,9.65864684128738,3.581199408916144,3.6378623418853637,2.9275094785197093,14.863688335638646,6.132872115503533,9.355306012321654,6.4275094259001415,3.905610918249555,3.837716735397257,3.907842024499817,3.735785228654555,2.7970351906564015,3.178494948818746,3.695790472179853,2.226050004050454,2.5153457906919026,2.2347289388742824,2.2081966490827893,2.2512712293663713,1.8771996699337987,2.6658835474785216,2.3179329418415002,4.459739300017817,2.4864140049789087,4.622941658678504,2.7396074132508597,2.0316601111594834,1.950219438507801,2.6834818545303447,2.6447497050700908,2.1735850875224796,13.6551719610449,9.628471954255453
18.463540906185866,11.198847062329595,2.940894992263784,0.0654437528918051,0.002291718037245119,16.445989259917617,6.751843287549433,14.262641181921209,2.4995625280239366,13.647035689440711,4.067428069810168,3.2837947693585083,12.073830467494346,17.72376494817597,7.498772334077722,4.148272805935057,15.434658009454182,5.009993731473206,2.9864034752333684,16.871881191250285,8.08176603711838,3.933643015852571,3.2527953782570904,3.1675781294242626,3.787387391417222,4.681595355465539,2.597134476763505,3.4691733020479947,20.491523367819294,8.453055053042537,5.65335760639627,11.624013621298667,0.8963549210361685,0.6142075464922344,0.0878376248453714,0.0759197371536547,0.026910122605320056,0.08592036695882975,0.03819679429313319,0.0328066004942195,0.3731590639586857,0.10293566259960847,0.06167461241662141,0.05548883143901231,0.05548883143901231,0.02528995953217098,0.02516495697253118,0.02516495697253118,0.06441748423064374,0.03650362911599108,4.0235742626213495,3.9520971303058654,3.0168729538591026,7.465442588461412,11.393715414724703,4.506153666366816,16.903804769780763,17.221898823361844,7.514439704079433,7.053602198587577,11.532429728156977,7.538623278045029,19.181182239667372,15.334699743952607,5.681448632825937,10.366739439741691,6.561876317959541,5.5360785645651305,3.007949278174033,19.7921542700563,8.774270175021815,8.407496999889533,10.228608479653003,4.985050451219253,2.724398276462705,2.887357771779251,2.9802684525850762,1.998886770786858,2.5483610366279477,2.916298472224747,2.617860126062822,2.9024899543462483,3.004823580373238,2.8115869670336657,2.70352644016928,2.819165261171064,2.9749250701393404,2.6488733914685567,4.055865933133509,2.757793520401116,4.621966251734996,2.8140153982474403,2.0251355702749363,1.8247051402287424,2.717226813771812,2.6694874019878374,2.1457447359865798,13.30403324483728,10.32327094333617
17.270838669557122,10.364471988984146,3.043626713776718,0.028521211722730765,0.00013520857788055273,16.502157605892478,10.532522972998255,15.418429141827,3.1821091022875225,8.67582251666517,4.507538616892324,2.9902608521887393,7.284324696717675,11.37640403753955,13.311710520681723,7.159574584981914,12.227274525570277,10.372293049452303,3.8863455296547773,15.90400491126425,5.648589407921745,2.6882493246784924,2.927687258557771,2.3354425649328086,2.82897742351565,4.4363240578799035,2.3950049632754378,3.1909828357750456,15.675839914055363,8.62336271262118,3.6623740627113945,10.42896370298302,0.668983120201687,0.5565524274429047,0.2511005498568498,0.05087847708089393,0.025205495859008966,0.014614113746633127,0.014614113746633127,0.014614113746633127,0.014614113746633127,0.014614113746633127,0.014614113746633127,0.014614113746633127,0.0073174827992960115,0.0073174827992960115,0.0073174827992960115,0.5902912608104636,0.10266826502518515,0.0368214063216868,6.9550497815579995,7.119360986670948,2.368502508109177,8.694656776928039,12.47213569044788,8.221960029905844,14.879925176193263,17.671485903946262,13.645976863804757,7.590641524644935,12.561459709338108,6.247902677718018,7.4263244320725885,11.782669891517104,6.968916756372907,10.879566637248224,6.1641867838755475,4.395290152186014,4.299849846018757,5.596871351085779,5.53900362247881,9.172733355823633,7.368566860834635,3.2932599565204828,3.1670220134552967,3.450964933096664,2.84326863246253,3.189651693140804,2.814338611721203,3.4026772593245544,2.968017244800175,3.3071754914871545,3.007038897012315,2.981234558897658,3.2816161426319996,3.72916228820866,3.5325827759921853,3.2309729897486195,3.7997844899854845,2.3561052824064266,3.8078986590920296,2.5477566925762343,2.188157667480859,2.0695380845892175,2.9824770755251713,2.9158880184447433,2.3602322628379544,14.874281378675423,8.839799693524405
17.35829389067403,11.029642392855058,2.7575047808066997,0.020393234882463154,4.068206113307718e-05,22.245464277523894,8.719544163011612,15.10010876046202,2.721234283687991,9.408409639539359,5.8207606987602105,3.367684572822944,8.41256337592361,12.430706997047938,10.54361006629827,7.088470219955183,18.779141637660604,4.497667524517311,5.165594318155273,14.230022223452764,9.417356958506188,4.156081495462645,2.676781935497292,2.7926565914049073,2.863004515463731,4.1768948559494765,2.635198862243021,3.5069528702698665,17.042301984869482,8.769206343495549,5.46488221514939,11.252197579381884,0.7518396638407422,0.6045622218706207,0.24709656685323894,0.06306480577564447,0.047730924593209656,0.044523036165628846,0.03646809141106744,0.03646809141106744,0.03646809141106744,0.016949418271397308,0.016949418271397308,0.014839556933279197,0.014839556933279197,0.01223848825325123,0.01223848825325123,0.01223848825325123,0.01223848825325123,0.01223848825325123,3.865555452983896,3.4085543569544643,5.306592415880434,7.976692858180725,12.461448763634706,6.470308433983281,9.704757340259356,14.666204802193924,15.178180988815981,7.792820842894091,13.600992299767286,5.414421979657689,10.971840193304315,15.9171743129926,8.034550674880355,10.269904036741497,5.254485347203669,3.9393662885180394,3.7619837293866194,8.263765026397916,7.676026745906477,7.012690289535448,5.771431026931217,3.1882804674669707,2.2544802206646017,2.495999593244856,2.4831328308268925,2.1228587875629854,2.3531279646611702,2.455208124122123,2.548265630224976,2.6563982108459525,2.575000986647924,2.561087053319217,2.5838166109966143,2.415531932051097,2.727078287437288,2.2544137854031927,4.341607499395807,2.272330998595935,4.473323684671091,2.52455235294839,1.6903347454468505,1.4424211916939478,2.547170629839643,2.508501750700147,1.9642043427953393,13.764721907766129,10.593216929256071
17.208260769513288,9.721710885026736,3.184412118602872,0.03750323181328854,0.0006207522086951445,16.591863235755042,8.30591061358742,3.623072288769375,2.297661593370373,7.3309460788595295,5.233664770464294,3.01992193334543,13.550722498201386,12.098926107748353,15.325672030834076,5.635380308290559,12.146224375696425,6.45507484269402,2.958717831168917,16.15861205992425,6.926466496825165,3.5131867667550902,2.513373535202023,3.002021938974167,3.438536378701609,4.156030061423272,3.030817790055997,3.7210537790136686,21.43394245024943,10.18279571019141,3.907013739963258,10.10711268709502,0.5642478431456226,0.575888953719007,0.12323525884942414,0.13590947163266937,0.0,0.0,0.0,0.0,0.0,0.0,0.02038222251765964,0.004325558469274738,0.001497884038340347,0.00159133532742011,0.00159133532742011,0.0009359438459843797,0.0009359438459843797,0.0009359438459837667,18.589363449408783,5.46675622800508,6.10847664636133,9.184440873141014,11.311903850739819,5.283007126928138,18.245783112417406,6.890837725255181,4.596298975723431,6.463502318002298,12.236363160274674,4.086624504711829,20.727616216595894,7.936385718600243,5.107831926699344,10.040528559973431,6.047742319158597,3.7175715983303865,3.490404234275352,18.560591289808098,9.218562825352494,6.876958991647197,7.664917667037432,3.5469993592076077,2.740296323439899,3.2347617031318334,3.09746155681259,2.7946111225562187,2.4361909083471374,3.0747005340433486,2.7587054554535593,2.793927275452703,2.6735260985513927,2.6532813934409254,2.548664035073265,3.0145251243500497,2.6812635145216306,2.3041688225723593,3.756037718262283,2.2107154103440907,4.586249627072651,2.6345286701834363,1.78542527610117,1.5760456526728965,2.533733368502287,2.481843881864861,1.9093481737410911,12.910169262788564,9.172833078851582
17.01883705498435,10.077716625673157,3.2539276384981446,0.02481052249661148,0.00025785401406966927,19.23581879251603,6.188942984281811,13.466029399589496,2.987074704128655,13.740960950776453,3.179105227933386,2.85860095896237,14.836553628649428,16.670768504964286,14.932976445650674,4.556258258549618,14.122561756697804,4.38255536989695,3.7277881412279577,13.608309401261359,7.933804502082257,3.5533612661155733,2.630563879352031,2.6817410468424496,2.644681756047901,4.251302536065173,2.690548748704483,3.27150305877095,15.278075277107757,8.101730258642743,3.61857577583389,10.728716173358814,0.6248767552229386,0.6778523255123075,0.11643309152157841,0.08964855615071529,0.08843322763067518,0.041188509107218885,0.04040486111109729,0.04040486111109729,0.026704121554885853,0.026704121554885853,0.026704121554885853,0.02668294547319456,0.02668294547319456,0.02668294547319456,0.02668294547319456,0.025796320414463187,0.024863160327170602,0.024863160327170602,3.87557308914414,4.821248380165,2.9087688216299536,11.295114423494256,13.634206279192412,5.848951588005791,16.618962603099472,6.441393763956737,6.969734043104154,7.760789725760481,13.621680574927447,7.290495720492,16.571547875504933,14.326773409510327,7.868077842516133,11.260614471019627,6.441101394607793,4.115200307460517,3.507250649467866,9.630388901346498,9.281454215115069,7.608955852480388,7.093044654188578,3.6868386288848396,3.8509549504695046,3.6926934302373517,2.6412169415068085,2.3849584844257454,2.4976264273972446,2.928828510742534,2.499950712551859,2.6318026510386408,2.311311614877128,2.2838647228293274,2.3283132132573363,2.764145987732388,2.6121010146257864,2.168710474377343,3.9699987142926445,2.364301379613951,4.13911876571401,2.603022865569486,1.7546472474335786,2.166189599360648,2.6871452646817073,2.072701335072335,1.5556994895805758,16.866466208539002,8.506090537895693
17.698235464100826,10.178351386063065,2.858790605345843,0.015488075949784805,0.00015694579076420604,15.126017088357665,9.156066848444647,13.729142697263551,2.428231817539711,5.672626012195182,4.868002587378724,3.358352330282899,9.876413603718634,20.22285468651982,5.024290804766669,2.9560101054284096,5.900160847661879,3.284938916211038,3.890864139380585,4.200787086866152,8.96251026405706,3.59919040844106,2.5221464653730417,2.4624247314265495,2.7996763144818564,4.306667234703547,2.598511006601748,3.4780449559935396,20.456887585347115,9.195810569805738,4.644615310231684,10.809523330683689,0.6088933999336194,0.569947857697785,0.11709517127256015,0.08378495195521254,0.06622549029642132,0.4338327207759402,0.06143675893418074,0.04630569981294175,0.04630569981294175,0.03648673246385936,0.02223510976255501,0.0463535368537612,0.050990236133760074,0.06322604439849379,0.042647718326116524,0.019210895884058766,0.010657111069152894,0.010657111069152894,4.529849999544024,3.812684528290921,2.468875051729833,9.912542920897378,12.933017790391279,6.291623495373941,19.052733147723366,7.305089366632167,8.446108295620952,7.441652847412038,13.561996956657826,5.929584628781074,15.196831956962003,12.617491487767417,7.1661792680063,10.150468533444307,7.140649943403332,4.324890670709081,3.0584677698472222,7.636089044397995,6.748278917770685,7.558904231543271,6.94087090027559,4.339885734622039,4.2357961051933835,4.173482413810389,3.5517379805324722,3.9576277005268614,3.6030590653355548,3.756553304199133,3.58240531341606,3.1491120718731174,2.9610575881675993,2.54515876137449,2.5804623746363147,2.6497880011888624,3.9609284478666322,2.8575326508806076,3.384816046768697,3.0162524495903584,3.4595490431842806,2.9293369863339063,2.3123340742768725,2.1462153711028256,2.9317910123821784,2.8954593092761254,2.414096143871369,15.756074287412034,6.816250955424584
19.335515760897913,10.986263782439238,2.853265032314659,0.024896276094469098,0.0,13.085692072134014,7.787299296360242,14.732542692368543,3.67252332126441,15.282607220019244,5.060418695992847,3.335279841029988,13.856067238075783,15.088163892156304,3.8686444703102763,3.0083914751272136,15.125361296961465,4.288187980425259,3.5054200443097296,14.474870372653381,7.287288408135589,3.3945899099272094,3.3836051416624655,2.563810005666857,2.919159367979042,4.605704382269041,2.585119853869234,3.291776932801998,15.15868460635141,9.138397512620367,5.463792105644239,8.77392990193153,0.5261074381974846,0.5871887751925753,0.14963897623698635,0.12554741708028888,0.06837636454930336,0.05155937305274192,0.012799214412179037,0.012799214412179037,0.012763126715738617,0.012763126715738617,0.3440088259402974,0.08244394116876132,0.06890374403158384,0.022261014955530505,0.015592898619208524,0.13405995384153524,0.11159401594826907,0.0702635292318612,4.361004259412146,5.2219305181836475,4.881136496035216,10.067950475298108,12.88131694821647,5.7389398808247405,4.87293822252956,10.338023741236993,4.966427472068201,6.360626387238608,13.762940991791115,5.657047461243446,7.287193573004786,15.875384636145228,8.06420745180531,9.72877676845239,6.510253367719796,4.657945960360496,4.78385075256404,5.71579013862191,6.549354098401906,7.9755917012314725,10.323763854261827,5.06917523728993,6.211622732292215,4.496607474754083,3.7016199904396134,4.62764830952233,4.330505480633851,3.641175565868451,3.748908188549155,2.479594217826986,2.5480827677963847,2.9078684220675433,2.98752932101612,2.707042575120971,3.1499707774010504,2.885575228421169,4.05127000467719,3.567029867074752,3.4102615989415557,3.551638588175594,3.4134677836241196,3.2971350233588015,3.5241024520285973,3.5318597020430262,3.351539617044469,15.803192381826399,7.722949695219194
19.122152796341283,9.392678641564293,3.2615005079518586,0.07393191612456039,0.0013022836354416728,16.691299143394655,8.102252868013329,13.576394852066063,3.2422498065083962,2.2419140936918858,3.980624493718871,3.363824603714491,2.482262091144483,15.97438612305201,12.262766009361846,6.184256865898432,9.35185192022519,7.030378140258715,2.9121756647970214,15.936369006205078,6.190316547523218,3.5710604148379046,3.1253493581814293,2.554381972133232,3.048587594200321,4.642498133749517,2.6150942878897063,3.7198908913479483,19.929970408016263,9.964666308703022,7.299263256232375,11.068843167453831,0.5433262490377655,0.6655147209093571,0.2366820793899414,0.09120263498683685,0.05785559211804129,0.042291351200354474,0.016398381604464426,0.014938471402679078,0.6215927966419758,0.23499900518125663,0.1715739621808977,0.06230283416331667,0.028664489830640467,0.03194152574425365,0.011194338354132466,0.011194338354132466,0.03266061248275738,0.02840508608185266,4.210796863250449,4.3055408969438975,2.6009894627735552,9.654203035682217,13.678108799810484,5.211700487305832,8.893997537492632,13.651145178726999,7.804540886191497,7.190747021252982,14.158565334090444,5.121505164388232,16.593172692419795,16.55534850138821,6.796210287158457,11.242456627996253,5.097689743834884,3.996556040467719,3.9322045798764935,15.460750938722025,6.664720706103604,7.367108840162758,8.84274905516058,3.8317299444615296,3.319585401422137,3.3374963298977893,3.342186678228082,3.2706694610035814,3.3072318487177124,3.599835322629689,3.139007711345684,3.508149706637124,2.686111926434879,2.694006869469278,2.6876751007276427,2.1096505059870596,3.483170219241405,2.396269429175737,4.390461269575256,2.525138388079072,4.41342427254976,2.7450331419232663,1.6594774176829188,1.6668130466635735,2.6482823783491667,2.5959900130822997,1.8410479346974136,16.72267985236533,8.035801570882665
20.875916290950112,9.42080403003385,3.096901653799317,0.03257426837531943,0.00016365530139621624,14.890806834455923,7.131858198604388,13.896384504432328,2.88901342547641,6.516562148666797,4.6452900906904,3.4173743463862003,13.378319250176176,17.216044827510153,10.34910113496672,4.384731965501987,14.69499396703241,6.912765737124578,3.6875575410237094,15.06035429781619,8.366817221537678,4.273367545048812,3.437826700045183,2.371561822172896,3.3636190113812985,4.379370597270535,2.6320046685131824,3.1739207713190316,17.02710126283443,9.067244701613784,6.602862987520911,9.184160618889402,0.5154200952278393,0.6260004535097652,0.020054901578645767,0.0005421319866196077,0.0,0.0,0.0,0.0,0.0,0.0,0.0,9.960003395840161e-05,9.960003395840161e-05,0.0002990429006482844,0.0002990429006482844,0.0002990429006482844,0.0002990429006482844,0.0002990429006482844,12.732574925201243,6.964583640607946,6.844540153073438,7.1101998473336785,6.795022079668494,3.1323164843576095,13.531352551463492,7.526957848598661,7.857844933078495,7.790871634666927,8.468539344387846,4.034878998515958,20.84449427357135,12.7680200670004,4.584457942095584,9.338624250954853,3.254441320135024,4.216960115666962,2.9515942429051125,6.425584265241062,7.747388163218953,5.71977654108928,6.961157771871362,3.3607635261699937,2.3780175928356253,2.9273632842604522,2.7507856059999494,2.3884927936795135,2.1823321871292376,2.7048655326775615,2.632164853287593,2.107578877993573,2.5488549084180097,2.5300737304236813,2.561307605100279,2.1553928161088267,2.7272181727175995,2.3776860770444874,4.299119912136071,2.6164617149763414,4.55160535795523,2.5997096334322274,2.437017240444931,2.383758632540131,2.864951680586111,2.893749295365384,2.5239058050014513,16.77700698854558,7.928757038156394
18.99866251544378,11.808803609786882,3.0237360388293144,0.018706550566161606,8.98759951812796e-05,15.171248299647939,9.609446415836864,14.616673165166345,3.0169144746030008,14.005448124112487,4.532730585809254,3.881285751701761,7.5877140542458,16.256936181670298,14.528594034222063,4.641367611633465,15.26035434634247,6.2994987267031926,5.767606591019415,3.453817697235517,7.126672209840525,3.804575176866136,2.896136332562235,2.4563048945004575,2.856381818349288,4.149533621155143,2.684058768201435,3.4415619709464518,18.494892404666324,9.915491565587175,4.78554304549923,10.356300417231948,0.5115457997657422,0.6567750020766988,0.17210066523197226,0.12541956598990775,0.07291622206774798,0.07291622206774798,0.035591438272001286,0.035591438272001286,0.035591438272001286,0.035591438272001286,0.035591438272001286,0.05902835819487248,0.05902835819487248,0.05902835819487248,0.05542306901695419,0.05542306901695419,0.05775082658145028,0.06428032659274689,3.8370330810784576,5.058912792006791,3.450102971367954,11.023658503975499,12.482131123879642,7.776352523920789,14.759861597008676,18.26320695716921,8.467467969970324,7.395885447072628,15.054512836650083,6.078038523630145,18.07294960425346,13.09717166585112,5.076674992374584,9.609508708825292,5.444244089582004,4.024941333216785,3.80123373190346,7.204564836959486,6.015947908292873,7.749715441156596,10.551152841979475,5.784909869137602,3.8378570213883454,3.3623161067445237,3.3650174740753993,3.373035823178641,2.681150113620109,3.4734969428881377,2.998749702604533,2.227563026850187,2.7728536587078847,2.985575614405357,3.082248563542373,2.576391235976541,3.2156779188522897,2.4782105913328643,4.084164498793107,2.6571725249028977,4.148560470910197,2.889477296421069,2.0812259888030105,1.8974378346530516,2.572865648088843,2.529347465535779,1.934684787478222,9.757198561253777,11.345255065099357
17.879512671881955,10.949594572161208,3.007902133341464,0.08017061791582547,0.00032515794943035765,17.290373022204452,9.191130283559486,14.49138403510112,4.286078818412082,9.188895937984167,6.443044681462651,3.7626265772950873,14.113296232310777,18.83814730941229,12.49180815635511,6.2785622650052355,15.293430457172697,7.847258314081197,3.8325606175063016,16.557231996750545,7.4042921909378725,4.700415690333371,3.302612915347548,2.974216230671517,2.8512747151856845,4.684137815467772,2.450494845843695,3.648251393256808,19.943591719138947,9.304142778113295,4.199643238528292,10.693156020577371,0.706570637355824,0.6494656050236466,0.19328567778145603,0.05140408408888641,0.06141680171217451,0.04106766283005596,0.06413335829639649,0.04894772924499531,0.04894772924499531,0.03584034838318813,0.03584034838318813,0.03551181020689828,0.024217158080695904,0.016691842712378162,0.016691842712378162,0.3458849025858181,0.0695784825248368,0.0570207479976632,4.413231692721748,4.54555688886801,2.5869179855310764,8.218850803346431,13.18588815573548,6.685446805096,8.315348157302514,11.717242775628765,6.725352768336325,8.208344836916352,15.090294786775623,5.857717047378908,11.203508101503346,20.01972235736458,7.312792758639064,8.15896598092668,4.2918449108373915,4.372508335988949,2.8332867240393216,13.016445789775645,6.712023011543102,8.807122001381552,9.750373357832366,7.1612781175571385,3.68488365655839,4.698027633269249,3.6461508234179836,4.028347244990195,3.5712371366167224,4.184471576322765,3.6957078520975446,3.6717323441912644,2.925062106370667,2.992938702734821,2.7419133631282677,2.3370069268982787,2.7151193592699787,2.3644403439638575,4.382434267530023,2.5285268734452107,4.436365676584716,2.7482671738933977,2.170900171575472,2.0021712926576867,2.8523296281364208,2.881644871752198,2.334778393930697,12.87702334966303,9.481707788121037
18.58053167224523,10.264396861206489,3.1396709715590485,0.01499370136359592,0.00012502093137464128,18.06609008166685,8.18365415935263,13.97423055960505,7.3175813824249225,12.128059240549437,4.014768320320748,3.1361569063244845,7.22963116650824,14.800243938093107,9.95894731481839,4.296348817170592,13.156576981938196,8.255442284397242,5.290131081160173,16.670956284116137,5.977348222030075,3.35368515130549,2.4161683114475876,2.930878653628053,3.0162420176343363,4.3563021302529545,2.2646532131149946,3.061628898322091,17.159330818284953,11.059186063603898,3.1575577477260395,10.54867452182929,0.6477389286860838,0.7486851803111683,0.1465780522743221,0.03449781076575543,0.0004259895193735436,0.0004259895193735436,0.0004889109991619363,8.746762216532667e-05,8.746762216532667e-05,8.746762216532667e-05,8.746762216532667e-05,8.746762216532667e-05,2.641435868071892e-05,0.0006408646495207976,0.0002606624502190734,1.0013580322265625e-05,9.317992098419392e-06,9.317992098419392e-06,14.890717154065696,7.061491732064922,6.959073283890822,9.752440353843761,12.540103037095824,4.672620585247208,13.79857202698866,4.135200773028944,7.5724474103671655,9.08607548166941,5.31437862987276,3.55670526059383,20.335380091411235,16.744713403186385,5.1296539661287195,8.322546374870393,3.3864662296747965,3.883083421074901,3.822668342818577,10.589399315310477,7.859939570203939,5.52444678987949,5.805004480459652,3.474871057900484,2.276168130180605,2.8266813162689797,2.573520268537596,1.7524761822152635,2.394049099607718,2.4821288372514885,2.8588710299505675,1.797685030721724,2.8217172861403546,2.8099063818224446,2.7810896795178977,2.753398986794587,2.8423383758166505,2.376904675652635,4.2692040358673795,2.5090960218044764,4.4116780821039665,2.720602090690417,1.7245608634915652,1.4847012182973107,2.6177935147532776,2.5630774043887015,2.211706898136389,15.559931366360821,8.939656500592685
16.1003706289251,10.327766901583134,3.0822295539442215,0.031691585035684436,0.00017699850557505024,17.22997110698686,7.304717527249248,13.50217606470697,3.0610309507804923,13.528495877295697,4.164673406545101,3.9123983454193567,11.216224822009805,19.402532167222045,7.7378995721875645,4.482287363082935,17.254260017004015,4.695797126040425,3.162339282789206,10.104856961951974,6.5999723373638,3.2161478606994574,1.9980624576348827,2.8039384428006615,3.0562527704086,4.568533570876011,2.7403713338222317,3.533477522382672,18.54481928892222,8.538004968830737,7.365849856173074,10.703192434532422,0.6258994629359493,0.6128366576196627,0.030153663704478507,0.010081163357214451,0.0002077630589353889,0.0001875415452008882,6.388016400401369e-05,6.388016400401369e-05,6.388016400401369e-05,3.9672163810637454e-05,3.9672163810637454e-05,3.8623809814453125e-05,3.8623809814453125e-05,3.8623809814453125e-05,3.8623809814453125e-05,3.8623809814453125e-05,3.8623809814453125e-05,3.8623809814453125e-05,15.032082735574257,5.972078395692365,6.4686423963531166,8.957527043406916,11.410332655961586,4.033075782835062,12.003960701803095,5.653160502320635,7.495143360328493,8.707438857470946,4.731097620281204,2.610219711603037,16.509979093632424,10.557724075147632,6.513298619861668,8.84816913615189,3.8157545436314986,3.812010523283072,2.7998891458844524,17.975971302398246,6.141084748164796,5.205212098370105,5.820341883132029,3.6334336085696495,2.8876076021082873,2.9888183491215674,2.992030190398593,2.106178984053399,2.2128285164643695,2.725789786474818,2.673083579185839,2.449540655040487,2.392096721612029,2.371788618065186,2.404792123856659,2.365176175811063,2.3720981516959045,2.2321698268178825,4.215652381848264,2.7681789626194893,4.055231640999617,2.754907408550828,1.9822103196902972,1.9688013898931624,2.6927449587554513,2.6447465104989765,1.9879469531987748,16.99187970882612,8.908341753108026
21.02435672558811,10.645199789808114,3.6547191483249124,0.04605230795510071,0.00016305507496784628,17.14616723429825,8.838601531059581,13.49252932079385,4.133339957575119,7.0689703858851125,4.12804276461159,3.478292297805526,12.51788293849786,17.69610487339771,5.812018621216607,3.481069051495041,13.735600139250668,2.537087865878676,3.3996950073192713,13.302890233472175,8.129025113587488,5.067083070095937,3.95652139826767,3.9472056829871702,2.9087624130027065,4.333449040051675,2.786627285851247,3.5867968185181147,18.986299210870452,8.414505980657234,8.289727654335758,10.197937959261123,0.5936676161830975,0.626589722951986,0.08797451921074277,0.011731604906576277,0.000787920075566589,0.000787920075566589,0.000787920075566589,0.0007619412180714218,0.0007394593723380936,1.6552570314014198e-05,1.6552570314014198e-05,1.6552570314014198e-05,1.6552570314014198e-05,0.023837059063767645,0.002694022716650191,0.0014064233370346395,0.0008333146476400785,0.0005349331946059407,17.35159020991195,6.716122001051833,9.34600423839518,13.814560944920494,10.034285453782292,4.791686942132736,12.451579100074289,5.668907889175661,8.450819400427928,7.684546210820993,7.315239599569417,3.7062374350403107,21.651750573312626,11.4658160219619,5.724632588908434,10.033313114263704,4.301241941385091,3.6036609822639254,3.213277162252512,17.3776185340131,6.1637746792344075,7.703364111970857,5.088066801004988,2.927391930786589,2.4911379650420575,2.666923426804019,2.4029816814034586,2.6115199336869264,2.3113895523462675,3.1043517072780307,2.6430913228930772,2.307581467743903,2.2635269884429516,2.248785592699864,2.2740469810778112,2.4932877872452894,2.462571240361531,2.180734672395014,4.072696262839994,2.2746095517048617,4.33152592787989,2.475587944551238,1.897677673089842,1.7342792261290885,2.4054244806423672,2.3707569981652066,1.986069529106229,17.692292878539742,6.596627687275437
